episode,total_reward,steps,success,switched,self_fuel_end,dry_mass,fuel_mass
0,526.0078,400,1,1,0.3118,592,0
1,519.5873,400,1,1,0.0695,592,0
2,477.0296,400,1,1,0.0318,592,0
3,557.0790,400,1,1,0.0463,592,0
4,459.8544,400,1,1,0.0384,592,0
5,572.1677,400,1,1,0.0365,592,0
6,443.9390,400,1,1,0.0472,592,0
7,3.4909,76,0,0,0.8186,592,78
8,381.8373,400,1,1,0.0357,592,0
9,528.2930,400,1,1,0.0436,592,0
10,7.6922,120,0,0,0.7111,592,22
11,551.9745,400,1,1,0.0381,592,0
12,583.7038,400,1,1,0.0416,592,0
13,470.5663,400,1,1,0.0361,592,0
14,7.1007,150,0,0,0.6373,592,20
15,509.2133,400,1,1,0.0339,592,0
16,588.7756,400,1,1,0.0487,592,0
17,418.0833,400,1,1,0.0359,592,0
18,537.8205,400,1,1,0.0337,592,0
19,560.0269,400,1,1,0.0324,592,0
20,415.0522,400,1,1,0.0348,592,0
21,600.8708,400,1,1,0.0354,592,0
22,424.5595,400,1,1,0.0326,592,0
23,518.1291,400,1,1,0.0344,592,0
24,576.3555,400,1,1,0.0364,592,0
25,293.2647,400,1,1,0.0321,592,0
26,586.8450,400,1,1,0.0369,592,0
27,454.1810,400,1,1,0.0309,592,0
28,324.4501,400,1,1,0.0339,592,0
29,600.2685,400,1,1,0.0365,592,0
30,446.7566,400,1,1,0.0315,592,0
31,439.0811,400,1,1,0.0348,592,0
32,476.7752,400,1,1,0.0327,592,0
33,523.6822,400,1,1,0.0355,592,0
34,479.5235,400,1,1,0.0327,592,0
35,482.6624,400,1,1,0.0337,592,0
36,510.8477,400,1,1,0.0326,592,0
37,577.3539,400,1,1,0.0383,592,0
38,562.6312,400,1,1,0.0314,592,0
39,455.3206,400,1,1,0.0337,592,0
40,541.6284,400,1,1,0.0361,592,0
41,6.5955,400,0,1,0.0382,592,37
42,598.4418,400,1,1,0.0322,592,0
43,426.2159,400,1,1,0.0385,592,0
44,586.4226,400,1,1,0.0342,592,0
45,480.3130,400,1,1,0.0334,592,0
46,490.3836,400,1,1,0.0363,592,0
47,473.2756,400,1,1,0.0388,592,0
48,430.7427,400,1,1,0.0310,592,0
49,546.3480,400,1,1,0.0334,592,0
50,566.5673,400,1,1,0.0355,592,0
51,490.0344,400,1,1,0.0325,592,0
52,384.1239,400,1,1,0.0343,592,0
53,535.0277,400,1,1,0.0319,592,0
54,459.7740,400,1,1,0.0322,592,0
55,358.7742,400,1,1,0.0321,592,0
56,569.9576,400,1,1,0.0369,592,0
57,461.0740,400,1,1,0.0345,592,0
58,8.5693,400,0,0,0.0328,592,21
59,566.5612,400,1,1,0.0357,592,0
60,546.9736,400,1,1,0.0368,592,0
61,523.9205,400,1,1,0.0368,592,0
62,591.8719,400,1,1,0.0354,592,0
63,486.2615,400,1,1,0.0317,592,0
64,601.0433,400,1,1,0.0372,592,0
65,6.2924,157,0,0,0.6210,592,8
66,5.8456,94,0,0,0.7729,592,43
67,492.2971,400,1,1,0.0326,592,0
68,354.6817,400,1,1,0.0364,592,0
69,403.2994,400,1,1,0.0343,592,0
70,507.9027,400,1,1,0.0419,592,0
71,533.2346,400,1,1,0.0361,592,0
72,449.2449,400,1,1,0.0342,592,0
73,570.0662,400,1,1,0.0398,592,0
74,527.1864,400,1,1,0.0353,592,0
75,510.0401,400,1,1,0.0464,592,0
76,437.7754,400,1,1,0.0325,592,0
77,466.8293,400,1,1,0.0316,592,0
78,489.2673,400,1,1,0.0356,592,0
79,505.0927,400,1,1,0.0354,592,0
80,349.4571,400,1,1,0.0382,592,0
81,604.3501,400,1,1,0.0313,592,0
82,386.1027,400,1,1,0.0373,592,0
83,473.2656,400,1,1,0.0383,592,0
84,542.4351,400,1,1,0.0390,592,0
85,474.4422,400,1,1,0.0334,592,0
86,549.5818,400,1,1,0.0336,592,0
87,511.6957,400,1,1,0.0371,592,0
88,577.8980,400,1,1,0.0345,592,0
89,534.7006,400,1,1,0.0340,592,0
90,559.1145,400,1,1,0.0305,592,0
91,322.2620,400,1,1,0.0319,592,0
92,541.6863,400,1,1,0.0319,592,0
93,507.3725,400,1,1,0.0350,592,0
94,549.9561,400,1,1,0.0352,592,0
95,500.9791,400,1,1,0.0347,592,0
96,595.6190,400,1,1,0.0354,592,0
97,279.0793,400,1,1,0.0319,592,0
98,493.4394,400,1,1,0.0345,592,0
99,248.7153,400,1,1,0.0364,592,0
100,383.2988,400,1,1,0.0326,576,0
101,498.2494,400,1,1,0.0421,576,0
102,468.3604,400,1,1,0.0337,576,0
103,598.4209,400,1,1,0.0324,576,0
104,611.2552,400,1,1,0.0411,576,0
105,424.8494,400,1,1,0.0332,576,0
106,312.2702,400,1,1,0.0342,576,0
107,473.5467,400,1,1,0.0327,576,0
108,585.7110,400,1,1,0.0362,576,0
109,504.8646,400,1,1,0.0309,576,0
110,549.2998,400,1,1,0.0345,576,0
111,536.1300,400,1,1,0.0326,576,0
112,551.2062,400,1,1,0.0308,576,0
113,462.6962,400,1,1,0.0350,576,0
114,547.5267,400,1,1,0.0323,576,0
115,590.4522,400,1,1,0.0327,576,0
116,569.4877,400,1,1,0.0316,576,0
117,569.1082,400,1,1,0.0320,576,0
118,531.0279,400,1,1,0.0321,576,0
119,574.4800,400,1,1,0.0361,576,0
120,567.0777,400,1,1,0.0321,576,0
121,470.6641,400,1,1,0.0342,576,0
122,500.2869,400,1,1,0.0328,576,0
123,472.7628,400,1,1,0.0352,576,0
124,520.6248,400,1,1,0.0391,576,0
125,560.9339,400,1,1,0.0305,576,0
126,495.0847,400,1,1,0.0319,576,0
127,5.5622,124,0,0,0.7008,576,17
128,447.9238,400,1,1,0.0351,576,0
129,322.0959,400,1,1,0.0306,576,0
130,8.4041,181,0,0,0.5633,576,1
131,512.0295,400,1,1,0.0339,576,0
132,502.2742,400,1,1,0.0325,576,0
133,333.5082,400,1,1,0.0322,576,0
134,468.5638,400,1,1,0.0381,576,0
135,6.0334,124,0,0,0.7002,576,18
136,350.3400,400,1,1,0.0318,576,0
137,348.7633,400,1,1,0.0350,576,0
138,439.2063,400,1,1,0.0314,576,0
139,422.9968,400,1,1,0.0414,576,0
140,557.6924,400,1,1,0.0400,576,0
141,583.6503,400,1,1,0.0341,576,0
142,20.5168,400,1,1,0.0422,576,0
143,588.4364,400,1,1,0.0345,576,0
144,420.8338,400,1,1,0.0312,576,0
145,272.1181,400,1,1,0.0321,576,0
146,502.3983,400,1,1,0.0345,576,0
147,588.5253,400,1,1,0.0326,576,0
148,519.8854,400,1,1,0.0321,576,0
149,494.1056,400,1,1,0.0308,576,0
150,3.8053,87,0,0,0.7891,576,79
151,363.1413,400,1,1,0.0353,576,0
152,548.3722,400,1,1,0.0333,576,0
153,7.6240,139,0,0,0.6640,576,10
154,580.6854,400,1,1,0.0317,576,0
155,522.0291,400,1,1,0.0305,576,0
156,489.6909,400,1,1,0.0308,576,0
157,408.6475,400,1,1,0.0371,576,0
158,8.5980,208,0,0,0.4975,576,2
159,438.8322,400,1,1,0.0342,576,0
160,474.8420,400,1,1,0.0386,576,0
161,571.3637,400,1,1,0.0327,576,0
162,579.2011,400,1,1,0.0307,576,0
163,559.6717,400,1,1,0.0309,576,0
164,6.0167,124,0,0,0.7005,576,5
165,618.4170,400,1,1,0.0316,576,0
166,613.8896,400,1,1,0.0317,576,0
167,561.6669,400,1,1,0.0317,576,0
168,542.5981,400,1,1,0.0324,576,0
169,542.1048,400,1,1,0.0327,576,0
170,570.5184,400,1,1,0.0306,576,0
171,520.7484,400,1,1,0.0332,576,0
172,509.4733,400,1,1,0.0317,576,0
173,526.3665,400,1,1,0.0319,576,0
174,606.5899,400,1,1,0.0309,576,0
175,433.4227,400,1,1,0.0333,576,0
176,596.5695,400,1,1,0.0311,576,0
177,4.8319,102,0,0,0.7527,576,45
178,392.1039,400,1,1,0.0311,576,0
179,551.9724,400,1,1,0.0302,576,0
180,259.2393,400,1,1,0.0310,576,0
181,531.4963,400,1,1,0.0363,576,0
182,6.2889,100,0,0,0.7580,576,33
183,566.3586,400,1,1,0.0320,576,0
184,501.8298,400,1,1,0.0313,576,0
185,520.3168,400,1,1,0.0308,576,0
186,574.8641,400,1,1,0.0307,576,0
187,589.1096,400,1,1,0.0309,576,0
188,454.0214,400,1,1,0.0315,576,0
189,5.8780,130,0,0,0.6852,576,12
190,499.7622,400,1,1,0.0307,576,0
191,7.1913,153,0,0,0.6304,576,0
192,512.3791,400,1,1,0.0307,576,0
193,315.7195,400,1,1,0.0371,576,0
194,581.4856,400,1,1,0.0311,576,0
195,523.4156,400,1,1,0.0309,576,0
196,309.3273,400,1,1,0.0304,576,0
197,351.9980,400,1,1,0.0315,576,0
198,471.3253,400,1,1,0.0303,576,0
199,542.4450,400,1,1,0.0329,576,0
