episode,total_reward,episode_length,success,phase_switched,dry_mass,fuel_mass_init
0,946.0766,600,1,1,576,0
1,324.3490,600,1,1,576,0
2,603.6355,600,1,1,576,0
3,12.3885,600,0,0,576,16
4,680.9780,600,1,1,576,0
5,302.0858,600,1,1,576,0
6,236.4128,600,1,1,576,0
7,516.3160,600,1,1,576,0
8,751.4695,600,1,1,576,0
9,437.4504,600,1,1,576,0
10,160.7638,600,1,1,576,0
11,292.4885,600,1,1,576,0
12,797.3883,600,1,1,576,0
13,246.1234,600,1,1,576,0
14,853.5911,600,1,1,576,0
15,558.8296,600,1,1,576,0
16,315.0458,600,1,1,576,0
17,470.3502,600,1,1,576,0
18,794.0345,600,1,1,576,0
19,508.6748,600,1,1,576,0
20,287.5741,600,1,1,576,0
21,111.5435,600,1,1,576,0
22,288.6435,600,1,1,576,0
23,783.3251,600,1,1,576,0
24,838.0259,600,1,1,576,0
25,511.3163,600,1,1,576,0
26,805.4084,600,1,1,576,0
27,605.5253,600,1,1,576,0
28,692.7962,600,1,1,576,0
29,186.1184,600,1,1,576,0
30,634.3720,600,1,1,576,0
31,336.3594,600,1,1,576,0
32,522.4508,600,1,1,576,0
33,258.2119,600,1,1,576,0
34,708.2108,600,1,1,576,0
35,204.4276,600,1,1,576,0
36,773.5134,600,1,1,576,0
37,864.4003,600,1,1,576,0
38,650.0442,600,1,1,576,0
39,780.2199,600,1,1,576,0
40,753.2055,600,1,1,576,0
41,288.9206,600,1,1,576,0
42,771.6792,600,1,1,576,0
43,156.6856,600,1,1,576,0
44,693.9769,600,1,1,576,0
45,297.2095,600,1,1,576,0
46,171.3262,600,1,1,576,0
47,273.0134,600,1,1,576,0
48,216.4354,600,1,1,576,0
49,757.7307,600,1,1,576,0
50,697.8349,600,1,1,576,0
51,283.4609,600,1,1,576,0
52,763.8692,600,1,1,576,0
53,676.5859,600,1,1,576,0
54,649.0376,600,1,1,576,0
55,220.8990,600,1,1,576,0
56,291.3147,600,1,1,576,0
57,177.8395,600,1,1,576,0
58,678.6667,600,1,1,576,0
59,340.7068,600,1,1,576,0
60,691.6197,600,1,1,576,0
61,44.1828,600,1,1,576,0
62,468.5734,600,1,1,576,0
63,816.3316,600,1,1,576,0
64,420.7048,600,1,1,576,0
65,547.6853,600,1,1,576,0
66,725.1549,600,1,1,576,0
67,105.9533,600,1,1,576,0
68,470.7977,600,1,1,576,0
69,181.9256,600,1,1,576,0
70,126.3134,600,1,1,576,0
71,536.1493,600,1,1,576,0
72,733.3512,600,1,1,576,0
73,847.7645,600,1,1,576,0
74,264.7626,600,1,1,576,0
75,189.1943,600,1,1,576,0
76,809.5000,600,1,1,576,0
77,384.3593,600,1,1,576,0
78,705.3506,600,1,1,576,0
79,451.1729,600,1,1,576,0
80,360.3121,600,1,1,576,0
81,331.8339,600,1,1,576,0
82,591.9846,600,1,1,576,0
83,93.5722,600,1,1,576,0
84,35.6753,600,1,1,576,0
85,84.6506,600,1,1,576,0
86,187.3966,600,1,1,576,0
87,410.7035,600,1,1,576,0
88,70.0837,600,1,1,576,0
89,332.9183,600,1,1,576,0
90,395.6209,600,1,1,576,0
91,232.6133,600,1,1,576,0
92,325.7260,600,1,1,576,0
93,340.8604,600,1,1,576,0
94,777.3102,600,1,1,576,0
95,589.9212,600,1,1,576,0
96,842.3313,600,1,1,576,0
97,369.5808,600,1,1,576,0
98,685.3636,600,1,1,576,0
99,838.4405,600,1,1,576,0
100,823.5451,600,1,1,589,0
101,934.3500,600,1,1,589,0
102,759.5708,600,1,1,589,0
103,173.3037,600,1,1,589,0
104,889.2684,600,1,1,589,0
105,917.8328,600,1,1,589,0
106,401.5349,600,1,1,589,0
107,129.2267,600,1,1,589,0
108,560.5989,600,1,1,589,0
109,412.9399,600,1,1,589,0
110,251.1855,600,1,1,589,0
111,760.7936,600,1,1,589,0
112,854.1471,600,1,1,589,0
113,233.7153,600,1,1,589,0
114,747.8475,600,1,1,589,0
115,417.6238,600,1,1,589,0
116,417.2266,600,1,1,589,0
117,572.2674,600,1,1,589,0
118,592.7792,600,1,1,589,0
119,899.7318,600,1,1,589,0
120,820.9021,600,1,1,589,0
121,14.3189,600,0,1,589,7
122,444.6376,600,1,1,589,0
123,595.1567,600,1,1,589,0
124,932.4391,600,1,1,589,0
125,796.7704,600,1,1,589,0
126,680.8529,600,1,1,589,0
127,481.2133,600,1,1,589,0
128,898.9636,600,1,1,589,0
129,224.2101,600,1,1,589,0
130,460.0448,600,1,1,589,0
131,53.6250,600,1,1,589,0
132,551.8244,600,1,1,589,0
133,15.2762,600,0,1,589,1
134,787.1797,600,1,1,589,0
135,897.7177,600,1,1,589,0
136,699.5385,600,1,1,589,0
137,116.2529,600,1,1,589,0
138,147.6252,600,1,1,589,0
139,453.2878,600,1,1,589,0
140,759.0288,600,1,1,589,0
141,397.8592,600,1,1,589,0
142,820.1986,600,1,1,589,0
143,790.1140,600,1,1,589,0
144,101.0094,600,1,1,589,0
145,876.9968,600,1,1,589,0
146,253.7879,600,1,1,589,0
147,719.5024,600,1,1,589,0
148,773.6374,600,1,1,589,0
149,74.0718,600,1,1,589,0
150,395.1049,600,1,1,589,0
151,614.2721,600,1,1,589,0
152,846.8978,600,1,1,589,0
153,823.0614,600,1,1,589,0
154,49.9988,600,1,1,589,0
155,837.7132,600,1,1,589,0
156,142.8047,600,1,1,589,0
157,575.4921,600,1,1,589,0
158,828.5732,600,1,1,589,0
159,234.7144,600,1,1,589,0
160,347.5645,600,1,1,589,0
161,791.5708,600,1,1,589,0
162,293.0066,600,1,1,589,0
163,388.5380,600,1,1,589,0
164,822.5069,600,1,1,589,0
165,704.4290,600,1,1,589,0
166,414.0401,600,1,1,589,0
167,916.6959,600,1,1,589,0
168,154.6608,600,1,1,589,0
169,537.2738,600,1,1,589,0
170,685.9541,600,1,1,589,0
171,455.6862,600,1,1,589,0
172,248.6469,600,1,1,589,0
173,192.8990,600,1,1,589,0
174,419.7922,600,1,1,589,0
175,150.3787,600,1,1,589,0
176,804.3932,600,1,1,589,0
177,704.3343,600,1,1,589,0
178,706.4358,600,1,1,589,0
179,832.7209,600,1,1,589,0
180,389.7177,600,1,1,589,0
181,913.3418,600,1,1,589,0
182,263.7784,600,1,1,589,0
183,581.5901,600,1,1,589,0
184,163.8555,600,1,1,589,0
185,397.6099,600,1,1,589,0
186,306.4177,600,1,1,589,0
187,72.3450,600,1,1,589,0
188,677.7145,600,1,1,589,0
189,198.2740,600,1,1,589,0
190,785.9592,600,1,1,589,0
191,324.2184,600,1,1,589,0
192,341.4974,600,1,1,589,0
193,456.8717,600,1,1,589,0
194,819.8171,600,1,1,589,0
195,590.7289,600,1,1,589,0
196,29.6830,600,1,1,589,0
197,416.8789,600,1,1,589,0
198,742.5140,600,1,1,589,0
199,166.1166,600,1,1,589,0
