episode,total_reward,episode_length,success,avg_q
0,-394.3119,107,0,0.000000
1,-94.4657,76,1,0.000000
2,-644.4306,174,1,152.832368
3,-339.7566,74,1,149.691518
4,74.3363,77,1,154.585606
5,-57.8129,74,1,144.606464
6,-101.0534,143,1,172.516015
7,-520.1000,345,0,136.273480
8,-205.5211,74,1,116.387166
9,-348.3160,59,0,126.466340
10,88.0970,234,1,115.368311
11,-391.8688,174,1,112.575085
12,-35.6903,74,1,101.553306
13,-103.0066,174,1,101.725431
14,-445.5447,51,0,114.289188
15,84.5192,75,1,113.083598
16,20.0856,174,1,115.557420
17,162.1546,184,1,108.510604
18,-554.0674,174,1,102.128020
19,-435.3081,51,0,105.806508
20,280.2628,103,1,123.241410
21,-23.3738,74,1,126.343558
22,-483.1809,174,1,111.231441
23,-119.0878,74,1,121.340374
24,-70.1933,75,1,147.692715
25,498.8773,117,1,142.628797
26,-48.0164,77,1,149.373533
27,103.1701,174,1,132.711390
28,-350.5193,68,0,130.868559
29,15.8331,174,1,133.557991
30,-97.2286,174,1,126.868764
31,-457.3980,19,0,109.811319
32,208.0093,88,1,117.185329
33,-497.8550,80,0,144.489788
34,-1327.1543,174,1,132.926363
35,-236.0090,174,1,140.641450
36,-122.5327,74,1,127.842233
37,-351.5720,54,0,136.099599
38,-691.4910,257,0,137.498829
39,-917.8188,301,0,131.988959
40,-614.9303,374,0,125.160971
41,-762.6353,174,1,125.382309
42,51.2064,74,1,127.101292
43,-973.9000,240,1,146.278551
44,-616.9408,174,1,150.479885
45,577.8742,154,1,143.274431
46,-379.5699,82,0,157.416275
47,-218.7767,74,1,155.559576
48,-157.1885,74,1,178.950091
49,-464.3235,174,1,158.527391
50,104.0719,228,1,155.320230
51,-274.1749,74,1,168.648961
52,-445.4216,174,1,170.922307
53,74.3564,174,1,150.050645
54,-67.1612,74,1,166.141307
55,-35.5402,500,0,164.100520
56,-464.8874,436,0,153.334429
57,-607.7110,174,1,154.200377
58,-468.3403,392,0,143.944967
59,-554.5786,174,1,140.109344
60,-594.4565,270,0,143.447034
61,92.3954,174,1,129.337720
62,-742.2609,336,0,141.633826
63,-385.2884,64,0,133.038028
64,-461.6717,33,0,155.602163
65,-526.0199,91,0,153.079928
66,-570.4118,182,0,155.703189
67,-242.5533,74,1,131.929862
68,-192.8530,74,1,186.262867
69,-437.2450,125,0,161.465186
70,-500.4229,71,0,174.356871
71,-154.2817,74,1,176.789958
72,685.0402,303,1,170.640761
73,-44.0488,74,1,158.100564
74,40.9793,73,1,168.590836
75,-58.0513,74,1,172.899401
76,-921.9206,174,1,170.950753
77,27.0643,174,1,166.952284
78,78.8401,243,1,185.305913
79,77.3830,75,1,196.952738
80,-479.5311,51,0,181.813182
81,-632.5367,442,0,182.989194
82,-698.3305,169,0,195.911209
83,22.6812,73,1,182.617813
84,-514.1974,207,0,190.506386
85,-528.2504,174,1,169.783756
86,164.8835,87,1,181.096149
87,-72.2896,174,1,187.982591
88,128.9786,233,1,180.395960
89,-437.2483,72,0,188.714599
90,-472.0770,54,0,216.206550
91,-918.7574,167,0,185.561706
92,92.3839,174,1,218.403869
93,18.3887,174,1,200.870465
94,-44.7182,74,1,193.022830
95,-459.8375,60,0,164.384501
96,-274.6813,73,1,180.739335
97,-4.4408,75,1,180.827560
98,-329.8573,74,1,200.811998
99,-84.3490,76,1,188.577066
100,136.5157,85,1,183.471297
101,68.1322,74,1,221.595663
102,-920.1060,165,0,205.659525
103,-1447.7332,174,1,261.701444
104,-103.2671,179,1,239.297649
105,-183.3969,74,1,233.647158
106,-92.0478,74,1,232.560390
107,-473.3309,49,0,191.657180
108,-561.4959,174,1,237.279065
109,-222.5505,174,1,222.989455
110,-572.8354,213,0,233.710128
111,-510.5858,174,1,235.610218
112,-380.8390,109,0,224.678945
113,357.7670,123,1,254.508807
114,-499.7985,83,0,227.964570
115,-539.5970,188,0,225.774505
116,-280.4439,74,1,220.722093
117,67.5097,75,1,245.940904
118,29.9514,174,1,218.002585
119,-450.7420,58,0,230.916377
120,-510.3809,97,0,231.428875
121,-351.8729,35,0,240.613780
122,76.1604,174,1,224.603493
123,-525.3049,174,1,231.783073
124,-684.4919,174,1,243.341592
125,-26.7400,74,1,222.469977
126,-1150.9905,305,0,255.524715
127,83.7385,75,1,240.285847
128,-157.9337,74,1,250.482873
129,-912.2242,330,0,246.454883
130,-583.3552,158,0,246.424853
131,-985.2529,256,1,252.955776
132,-463.2783,33,0,320.588767
133,-235.8320,498,0,266.824482
134,-557.1654,174,1,271.420396
135,-439.1381,73,0,235.826986
136,5.0074,174,1,245.031441
137,-199.9896,73,1,262.132002
138,-390.1799,73,1,276.782438
139,-123.4505,196,1,263.968597
140,-459.4349,152,0,284.296021
141,-1261.7383,334,0,270.974132
142,-360.3485,353,0,288.333842
143,-430.2020,72,0,304.579152
144,69.0866,174,1,272.545621
145,-371.1031,375,0,273.946300
146,-902.3996,115,0,260.224434
147,-69.3714,74,1,271.863771
148,209.7157,78,1,259.095276
149,-432.7276,51,0,279.247810
150,-849.1398,174,1,275.957883
151,-373.6245,71,0,278.353815
152,453.0735,140,1,267.131846
153,335.6549,218,1,286.962492
154,-471.3186,32,0,315.726361
155,-147.6211,490,0,305.700124
156,52.3875,174,1,308.567598
157,106.8154,174,1,290.094555
158,-226.4965,452,0,278.727663
159,-338.0072,56,0,272.210752
160,-260.9284,174,1,282.926850
161,-433.6205,66,0,290.850868
162,114.6122,75,1,293.925693
163,-455.8860,140,0,304.658670
164,-522.6641,168,0,302.646136
165,-924.5952,157,0,284.632818
166,-649.7491,174,1,292.890693
167,-2.6830,174,1,299.882975
168,93.8354,76,1,287.392313
169,-283.8152,174,1,287.218707
170,105.4803,174,1,299.768285
171,-315.6428,435,0,288.877728
172,-148.6257,174,1,286.786635
173,-1116.2283,322,0,297.885050
174,-20.4459,74,1,294.501001
175,-572.6692,232,0,299.022837
176,-517.4364,72,0,282.687467
177,-462.8157,174,1,286.428989
178,-493.1077,62,0,285.354784
179,-221.0069,330,0,301.943464
180,-191.8782,174,1,295.492709
181,-458.2472,21,0,308.884840
182,-550.3681,229,0,343.110553
183,61.7995,75,1,288.955505
184,-151.8048,74,1,311.751597
185,-396.3169,24,0,338.031532
186,46.3118,243,1,344.736326
187,64.4715,202,1,346.294058
188,-29.4060,500,0,324.761893
189,-460.6952,19,0,303.109158
190,-261.4417,500,0,329.847112
191,-462.1041,68,0,320.911621
192,-365.5487,352,0,332.693840
193,-365.2980,74,0,324.292334
194,-23.0991,74,1,310.950772
195,79.2163,74,1,307.700566
196,-347.3758,73,1,304.480624
197,154.7975,76,1,284.762732
198,-475.3075,174,1,328.015097
199,126.1120,81,1,300.452748
200,-1151.1270,324,0,318.500745
201,-641.8228,174,1,329.594143
202,-444.9344,67,0,336.526303
203,-462.5750,73,1,353.423434
204,-1025.7246,311,0,327.012107
205,-444.5348,58,0,314.389084
206,54.5373,205,1,332.831768
207,-305.9591,73,1,317.315104
208,-259.6941,73,1,334.466531
209,-545.8327,99,0,342.690514
210,-614.8043,92,0,302.391335
211,-209.7508,500,0,341.957834
212,-212.4830,73,1,331.509518
213,-222.1388,174,1,342.055418
214,-257.9509,74,1,315.956981
215,-419.7600,174,1,322.065976
216,-272.1014,311,0,307.365946
217,-532.7966,174,1,331.469637
218,-1082.1591,294,0,366.005870
219,-460.7099,58,0,375.756201
220,-226.5808,174,1,358.000073
221,-355.1556,174,1,365.534922
222,91.1329,233,1,357.805568
223,-353.4116,35,0,363.154363
224,-324.5935,174,1,354.876813
225,15.8926,74,1,365.569917
226,-847.2276,69,0,407.752432
227,-988.4120,155,0,397.847025
228,-378.2950,138,0,343.243015
229,-853.0092,312,0,351.735061
230,-95.9310,74,1,380.049554
231,-423.7246,100,0,387.843842
232,-352.8640,70,0,382.795885
233,-646.9388,167,0,377.965541
234,-135.9606,74,1,385.798187
235,-63.1030,470,0,371.401468
236,-229.9480,73,1,371.872272
237,-487.4786,53,0,382.827383
238,287.1529,85,1,318.732150
239,-358.3639,74,1,385.749905
240,529.5307,166,1,392.269841
241,-347.8421,174,1,368.003352
242,-722.2383,386,0,373.015834
243,-574.4700,174,1,359.401187
244,-1044.0091,287,0,362.956197
245,-75.3385,74,1,375.098527
246,119.2101,75,1,329.184136
247,-523.3676,59,0,344.372844
248,-450.1737,38,0,427.632957
249,-333.3732,56,0,341.655728
250,-296.7015,159,0,379.128487
251,-221.4484,74,1,362.733167
252,35.1883,74,1,386.637402
253,-650.1299,174,1,395.279614
254,-336.4232,50,0,372.273810
255,-483.1277,56,0,412.117633
256,91.5935,76,1,396.365137
257,-1007.0623,154,0,413.199852
258,-4.5745,74,1,387.575273
259,72.3615,174,1,373.836269
260,-5.5092,74,1,387.731873
261,-497.6447,174,1,382.439047
262,-1013.0560,174,1,381.035869
263,-98.0152,74,1,388.899107
264,-283.8268,74,1,396.842963
265,-952.6108,174,1,362.581050
266,-461.5540,66,0,425.200401
267,-58.7430,408,0,407.242310
268,-78.4444,357,0,388.686881
269,-1032.0046,174,1,387.616752
270,-135.4091,174,1,428.188310
271,-353.2429,86,0,408.101888
272,-399.3379,73,1,397.833199
273,-921.6035,311,0,401.533784
274,-124.9007,74,1,391.198721
275,-405.8910,408,0,407.902674
276,-483.3612,59,0,421.176953
277,-89.2668,500,0,404.686778
278,-304.8710,174,1,414.820292
279,-353.0592,69,0,406.295102
280,-446.7515,174,1,418.079534
281,-17.4866,174,1,419.185408
282,-281.6446,174,1,432.265019
283,68.9719,500,0,395.885166
284,-127.1035,400,0,410.166378
285,-464.7972,57,0,427.735675
286,33.2480,174,1,411.771240
287,-82.3810,74,1,391.654776
288,-191.2375,174,1,414.365630
289,-1035.4689,139,0,405.793746
290,747.0743,295,1,401.946222
291,-756.0353,247,0,415.890739
292,-1000.1300,295,0,397.490626
293,33.7804,74,1,417.502283
294,-526.9888,60,0,442.389275
295,-375.8600,31,0,503.036387
296,-160.4028,269,1,434.342297
297,-665.8942,174,1,427.471996
298,-581.9625,312,0,410.743777
299,47.6895,74,1,438.349088
300,-768.2223,174,1,426.946140
301,36.4089,174,1,395.400650
302,-824.3536,174,1,467.170184
303,17.9514,74,1,408.568019
304,-129.6891,177,1,483.379863
305,-11.9567,174,1,440.926297
306,-450.3652,174,1,465.524677
307,-342.0670,85,0,418.168700
308,94.6337,174,1,446.771494
309,-368.6364,102,0,446.658121
310,-242.6289,74,1,410.809130
311,-209.0352,174,1,432.612315
312,314.7097,104,1,463.413041
313,-571.0269,174,1,443.032452
314,-441.7504,50,0,412.551707
315,-192.1586,74,1,442.819915
316,-303.4613,74,1,442.296824
317,-653.2702,318,0,442.014132
318,-402.8554,174,1,431.553401
319,-111.8445,74,1,453.505170
320,-513.0052,56,0,445.772629
321,-402.6823,314,0,443.617598
322,-77.0086,74,1,459.922911
323,74.3421,215,1,445.579549
324,-210.9460,74,1,430.390905
325,45.7948,74,1,496.390544
326,-11.9123,74,1,453.476321
327,-314.6106,74,1,440.859559
328,-283.4204,74,1,448.823205
329,-354.1647,50,0,467.198842
330,-106.7732,74,1,392.005184
331,57.0096,173,1,504.973596
332,-499.5079,72,0,430.773309
333,-487.1326,113,0,502.324780
334,-588.9549,330,0,455.346501
335,-172.7112,174,1,478.826948
336,-392.3170,58,0,447.426456
337,-23.2213,178,1,448.060835
338,-12.6116,238,1,465.598364
339,-922.1426,174,1,478.794541
340,-326.9185,90,0,493.512074
341,-408.9777,325,0,450.897817
342,-392.6091,24,0,432.386122
343,-75.7452,173,1,471.536753
344,-333.2858,72,0,404.799272
345,-410.0250,174,1,480.370117
346,-618.8695,155,0,483.378545
347,-149.5557,218,1,429.874300
348,-329.9094,320,0,473.662478
349,-25.5944,174,1,460.199733
350,-242.7876,74,1,481.415600
351,-391.3678,79,0,472.260765
352,-873.1964,122,0,462.410820
353,-389.8118,20,0,479.066223
354,67.8331,74,1,434.414443
355,66.0740,269,1,452.145019
356,-777.9079,174,1,502.516546
357,78.7269,74,1,458.449762
358,-571.2461,321,0,450.906659
359,-678.1745,174,1,475.031674
360,-552.5488,131,0,442.991064
361,-456.6291,482,1,466.122717
362,-265.6614,74,1,515.646367
363,119.3416,226,1,459.051374
364,-42.9801,201,1,488.667674
365,146.9250,76,1,528.413315
366,-876.4148,117,0,510.210451
367,71.5402,74,1,456.150371
368,-134.8397,74,1,475.474117
369,166.4029,83,1,477.732249
370,-127.7880,158,1,510.648466
371,-287.1608,174,1,477.071597
372,-1171.5335,256,0,500.702303
373,-492.7041,63,0,478.218405
374,-225.5594,74,1,465.800236
375,-162.7165,74,1,478.554292
376,-401.5975,174,1,516.709785
377,-76.6175,174,1,499.797853
378,-323.6478,73,1,442.149310
379,-360.2702,77,0,475.417198
380,-351.5275,45,0,489.165538
381,-71.6995,74,1,501.888122
382,62.4179,74,1,465.972193
383,-483.8524,63,0,481.476383
384,-492.6372,65,0,517.911384
385,-468.6050,39,0,499.906303
386,-513.4399,299,0,481.289544
387,-54.4371,165,1,488.297630
388,-359.2717,73,1,452.801751
389,-535.0071,123,0,471.143855
390,-313.6627,74,0,466.919764
391,-93.1733,174,1,484.992211
392,-480.3756,174,1,492.547295
393,-519.5661,156,0,487.235965
394,77.4265,74,1,524.765835
395,-478.0390,40,0,507.423935
396,266.2927,94,1,531.654426
397,-494.3489,56,0,521.637226
398,-361.8631,64,0,463.548318
399,-135.6603,74,1,504.729781
400,-888.6773,296,0,498.470759
401,-21.9121,496,0,492.772636
402,-625.1301,162,0,497.015611
403,65.1549,174,1,491.565944
404,0.7653,74,1,563.390597
405,-333.1392,47,0,467.937818
406,-467.3572,65,0,508.050076
407,-373.7059,132,1,519.639562
408,-221.3885,174,1,504.181663
409,-438.6885,133,0,459.023816
410,-218.5686,74,1,455.016125
411,-137.9624,165,1,480.760995
412,-1097.3187,276,0,498.916281
413,-262.1465,73,1,522.999175
414,-17.7900,74,1,536.770667
415,-589.3692,174,1,513.139747
416,-896.4259,305,0,527.183303
417,185.7964,398,1,506.714649
418,-575.0516,156,0,509.735769
419,-346.1159,65,0,502.752126
420,-350.9819,73,1,440.159647
421,63.1985,249,1,502.969905
422,-459.5512,64,0,493.398307
423,-461.4987,65,0,496.137236
424,-668.0532,307,0,494.198954
425,-475.2929,73,1,556.532119
426,-523.0246,323,0,508.871384
427,-230.8765,174,1,540.454546
428,-532.9576,140,0,523.339469
429,-532.9713,301,0,508.710782
430,-825.1600,288,0,510.255147
431,-927.2143,151,0,513.046684
432,-651.1552,327,0,523.539999
433,-67.3365,74,1,530.008052
434,-1025.3601,142,0,505.977715
435,-533.4715,122,0,500.426016
436,-423.8413,308,0,494.072391
437,-50.0641,174,1,521.965087
438,-866.2286,110,0,519.994274
439,-521.3250,271,0,505.473907
440,-343.3490,174,1,538.457957
441,-351.5489,89,0,515.166578
442,-512.6865,100,0,498.973465
443,-786.5358,174,1,513.218588
444,78.7906,174,1,461.845067
445,7.9906,390,0,490.987792
446,-903.7763,102,0,499.429490
447,147.5835,87,1,551.370012
448,-167.0688,74,1,530.177072
449,-253.9850,174,1,511.434999
450,-1230.9100,174,1,518.928469
451,-508.8485,61,0,520.497010
452,-2.3682,74,1,511.294079
453,-577.1292,148,0,500.930125
454,-489.8766,72,0,533.848461
455,-142.3811,402,0,512.154648
456,-465.1418,73,1,501.974003
457,-366.1048,103,0,555.020018
458,-95.6505,74,1,478.867003
459,-377.4619,74,1,562.346366
460,-450.4648,60,0,481.872011
461,-215.7838,74,1,488.615150
462,-609.7239,73,1,597.377669
463,-473.6351,52,0,537.245004
464,-318.4465,349,0,529.568766
465,-983.6143,174,1,529.659081
466,106.5948,75,1,521.840056
467,-63.2010,74,1,555.570774
468,47.7770,174,1,597.646410
469,91.2075,174,1,530.267133
470,-352.3762,73,0,518.040505
471,-740.5432,74,1,538.278694
472,708.1604,284,1,536.826146
473,-937.8735,97,0,600.948738
474,-136.0368,74,1,613.106411
475,51.0609,73,1,522.757103
476,586.6930,270,1,556.608292
477,-45.8369,74,1,586.555808
478,-389.7095,25,0,614.938459
479,-141.4169,74,1,494.744922
480,-396.2532,73,1,541.719021
481,-613.4149,233,0,577.026410
482,-162.9023,74,1,624.196433
483,-160.8189,74,1,530.000791
484,-463.3806,37,0,568.302524
485,-988.0161,282,0,576.905468
486,622.4982,271,1,558.258114
487,134.9035,298,1,563.680447
488,114.0117,75,1,598.531735
489,42.7754,180,1,597.003918
490,-268.7562,174,1,547.573737
491,47.6459,74,1,596.841732
492,-515.5173,100,0,631.612885
493,-510.0312,74,1,580.364112
494,319.1125,107,1,673.169022
495,-74.0109,368,0,559.280909
496,-649.3739,303,0,577.754249
497,-342.5101,74,1,599.761270
498,-122.1818,493,0,587.492280
499,14.7340,174,1,574.364337
500,63.2728,74,1,550.050386
501,-144.3476,74,1,550.962877
502,-532.6535,344,0,551.338203
503,-213.3090,151,1,575.053958
504,-523.5745,380,0,571.560041
505,-138.3517,73,1,530.981119
506,-965.9154,135,0,605.424767
507,-77.3072,353,1,615.016973
508,-254.9594,74,1,592.553956
509,-549.1132,174,1,659.244691
510,56.1911,174,1,615.551293
511,-190.8842,174,1,602.033443
512,62.0916,74,1,570.227544
513,-853.3683,174,1,588.745374
514,78.5060,500,0,560.333468
515,32.0190,174,1,560.859853
516,-464.0197,317,0,582.185391
517,-522.5512,101,0,535.801932
518,-611.9675,174,1,574.462983
519,18.4745,74,1,680.636345
520,-14.1825,75,1,591.363199
521,-462.3251,35,0,578.057431
522,-383.1109,57,0,600.369208
523,674.2027,220,1,584.446142
524,-637.0956,174,1,597.164484
525,-962.8760,174,1,573.757235
526,777.2257,343,1,559.790184
527,-603.7070,174,1,595.454273
528,-112.3022,500,0,568.533283
529,-126.3168,75,1,550.381199
530,-16.1141,174,1,543.041328
531,-219.3147,174,1,606.846056
532,139.1936,76,1,601.644126
533,-158.0372,74,1,604.871349
534,-491.6763,68,0,568.995281
535,-491.3795,174,1,604.748102
536,-165.2070,158,1,592.554368
537,-1178.1707,267,0,596.288155
538,-912.1248,295,0,569.005587
539,-276.2513,74,1,601.274781
540,-437.2801,332,0,622.046266
541,-726.1567,174,1,622.922620
542,-331.6386,108,0,538.375379
543,-370.5020,174,1,534.032163
544,-65.5960,174,1,597.017966
545,-492.0763,73,1,584.108102
546,45.2381,174,1,587.599562
547,93.7834,255,1,594.836174
548,-344.7268,158,0,546.724065
549,-642.6727,174,0,588.108702
550,124.0853,75,1,629.251031
551,-3.6806,75,1,560.930919
552,70.3205,74,1,620.170522
553,224.9900,82,1,603.528258
554,-465.9216,62,0,556.906588
555,114.0228,80,1,617.870376
556,-546.2525,136,0,591.204671
557,-508.3450,64,0,581.126583
558,-289.4518,74,1,590.267604
559,-68.0759,75,1,515.733111
560,-650.1904,207,0,592.518220
561,-1113.5029,280,0,625.170907
562,39.5850,74,1,621.377393
563,-221.7699,74,1,526.746430
564,-954.4794,174,1,581.222063
565,-342.7450,59,0,589.118994
566,624.7971,221,1,594.684151
567,-463.7505,64,0,621.425505
568,-573.5131,174,1,633.953187
569,24.9469,87,1,621.467003
570,-142.8974,74,1,603.042028
571,40.6618,497,0,604.277306
572,-561.1228,73,1,573.725938
573,564.5887,158,1,584.214299
574,-175.4213,73,1,621.536847
575,-339.0883,314,0,599.541217
576,-603.2480,176,0,604.905470
577,-350.8389,57,0,544.856649
578,-673.9800,246,0,595.346858
579,-459.8737,26,0,520.781714
580,48.5056,216,1,582.554114
581,-491.1286,174,1,611.769118
582,-722.5983,278,0,607.720752
583,-355.6119,54,0,635.072010
584,148.9857,76,1,585.967776
585,-77.2702,174,1,583.589864
586,-182.0904,174,1,586.354618
587,-682.3316,174,1,627.532623
588,-1124.6273,209,0,549.742978
589,-36.4098,74,1,571.379495
590,-165.6798,74,1,603.367026
591,-350.1677,55,0,622.201260
592,147.8997,80,1,662.236570
593,-339.4624,73,1,671.884129
594,55.4386,174,1,698.019531
595,-453.1343,61,0,577.832550
596,35.6278,74,1,607.499023
597,-155.2368,74,1,557.621997
598,735.7542,254,1,608.682148
599,46.4131,75,1,608.224468
600,-186.9917,74,1,626.203580
601,57.2294,74,1,612.278107
602,-153.7219,74,1,552.160410
603,-196.7966,74,1,584.179315
604,-250.5330,73,1,610.913277
605,-580.5381,174,1,581.774076
606,-764.0198,174,1,700.927543
607,-201.4230,74,1,565.824308
608,-476.8276,33,0,566.926141
609,122.6418,76,1,649.284404
610,237.5108,89,1,536.539463
611,-113.2857,74,1,619.267168
612,-401.0888,111,0,620.893633
613,-385.1477,27,0,616.593887
614,-459.4326,52,0,529.818931
615,-452.9730,60,0,610.495608
616,-217.7722,74,1,573.261018
617,4.7590,174,1,601.501459
618,-744.7734,277,0,638.215529
619,-203.1943,74,1,677.922073
620,-60.5756,74,1,620.467905
621,311.0392,96,1,637.763335
622,-477.1620,50,0,665.734017
623,-77.9613,74,1,606.449781
624,103.4942,74,1,629.256311
625,-212.9314,483,0,617.603627
626,-45.0032,174,1,624.515167
627,-322.1541,353,0,603.256565
628,-2.8228,174,1,658.271821
629,-263.7468,74,1,546.466203
630,-584.4863,155,0,636.977299
631,-1138.3413,216,0,623.987231
632,-464.5465,36,0,702.970990
633,-465.8366,30,0,566.545085
634,-452.5444,284,0,608.595145
635,-122.4956,74,1,709.346091
636,-5.6262,74,1,611.554813
637,93.4134,76,1,568.336855
638,-485.1304,174,1,561.777084
639,-752.6853,188,0,574.815402
640,-502.6929,74,1,571.773787
641,42.0080,74,1,603.159915
642,-644.8006,174,1,615.735892
643,-610.2029,308,0,622.885778
644,-550.6640,98,0,715.382902
645,7.6989,475,0,623.811849
646,-590.6981,174,1,582.653737
647,-383.5257,73,1,569.146240
648,-109.2918,74,1,626.281207
649,-502.6631,92,0,581.107597
650,-457.3811,55,0,697.001779
651,-968.8501,287,0,633.939628
652,-1040.5941,174,1,645.041963
653,-462.3222,58,0,679.159535
654,-452.6464,174,1,608.903293
655,-1582.4349,174,1,617.627059
656,-1078.1063,278,0,615.211905
657,355.4087,120,1,613.596496
658,-539.5646,123,0,647.373312
659,-175.9027,73,1,562.531727
660,44.7812,75,1,695.852279
661,-220.6055,74,1,643.879236
662,190.3284,88,1,712.363028
663,-478.4485,74,1,629.184010
664,11.8045,225,1,618.831714
665,-313.3823,74,1,622.427193
666,-45.7604,163,1,599.506171
667,-194.5828,74,1,594.311810
668,-363.4053,298,0,664.189586
669,-681.0842,364,0,626.048620
670,-192.1799,174,1,634.608660
671,361.4197,110,1,606.269714
672,-740.3361,292,0,654.422460
673,181.8967,88,1,635.420032
674,59.7096,174,1,646.248422
675,-705.4948,291,0,667.738778
676,-246.1707,73,1,605.692988
677,98.6321,469,0,653.285322
678,68.1005,73,1,637.393945
679,-456.8555,64,0,611.960221
680,102.3572,174,1,605.570239
681,-63.0196,74,1,647.248944
682,98.7685,75,1,722.802286
683,-1125.7176,281,0,632.558461
684,-125.4389,159,1,586.209173
685,17.3392,74,1,594.468803
686,-449.7910,186,0,633.282377
687,-151.4241,174,1,650.228593
688,-135.2185,158,1,637.322421
689,-319.6502,83,0,647.055839
690,-324.2328,83,0,674.904357
691,5.8164,174,1,691.520036
692,-769.3719,174,1,673.193975
693,-117.6520,74,1,564.438430
694,-244.5492,73,1,610.647274
695,-568.4168,174,1,670.993466
696,-144.6358,75,1,624.744401
697,13.8356,74,1,614.509421
698,97.0430,174,1,666.270886
699,56.7540,74,1,655.534226
700,-1024.7848,142,0,601.000713
701,12.6150,74,1,644.367777
702,-81.4344,174,1,655.307423
703,-337.9245,74,1,639.588199
704,-609.1110,174,1,710.655037
705,19.1292,318,1,679.967581
706,-101.2400,318,0,714.197559
707,-49.0288,174,1,668.574567
708,-321.7344,85,0,656.416465
709,-959.3511,174,1,616.244013
710,-43.0327,172,1,646.340893
711,-310.8560,489,0,645.702365
712,-265.8599,73,1,749.681729
713,-520.2097,323,0,646.757615
714,-52.1566,174,1,698.549819
715,-173.4062,174,1,630.066730
716,-324.3305,73,0,684.789810
717,-445.9470,40,0,644.408849
718,42.4125,174,1,691.389860
719,-338.1829,74,1,708.689807
720,-360.2974,49,0,695.557895
721,-533.8446,110,0,705.339307
722,401.7451,187,1,688.766199
723,-196.1406,74,1,703.932524
724,-409.3351,481,0,700.920480
725,-174.6019,74,1,726.125892
726,48.7581,229,1,705.574790
727,-703.4604,281,0,644.546266
728,42.9101,82,1,640.104701
729,-493.5868,57,0,721.804940
730,-194.8328,73,1,675.927245
731,-385.3386,133,0,625.247894
732,-335.2619,73,1,656.893038
733,-582.4473,171,0,678.537342
734,-403.1398,174,1,639.238361
735,105.1393,80,1,704.286420
736,54.5577,74,1,698.147273
737,-114.5812,451,0,672.868001
738,-660.3655,174,1,681.366840
739,80.8532,74,1,745.194199
740,-491.6681,76,0,681.156933
741,-15.6959,73,1,638.463963
742,28.6346,73,1,716.942903
743,-1009.9828,174,1,651.052567
744,-547.8517,178,0,663.811130
745,-526.9658,110,0,697.623360
746,-274.4786,74,1,707.735293
747,44.0482,75,1,620.493475
748,-92.1784,174,1,712.598331
749,-330.8538,97,0,667.803441
750,-383.6565,174,1,698.808732
751,38.9269,195,1,732.820874
752,-282.9038,74,1,599.960526
753,-180.1702,74,1,596.353622
754,-312.1074,109,0,714.561597
755,11.9775,176,1,646.172526
756,45.5008,74,1,641.545959
757,-483.1158,66,0,666.274839
758,-520.2430,65,0,623.852469
759,-59.9540,74,1,683.547466
760,-926.9836,297,0,677.154457
761,-508.6200,174,1,718.514511
762,-333.4457,174,1,648.444307
763,-79.4300,180,1,619.825919
764,-528.4317,197,0,681.610321
765,756.2241,372,1,671.829684
766,-937.5759,160,0,687.549716
767,-31.4959,74,1,676.539253
768,-490.4162,63,0,808.367750
769,-912.6233,309,0,680.241956
770,-114.2324,74,1,708.650143
771,-88.2387,162,1,657.813228
772,-490.3705,47,0,689.263811
773,94.9229,275,1,692.431111
774,12.9013,174,1,730.329785
775,-434.7492,174,1,703.813171
776,-417.0119,174,1,676.995681
777,-57.1353,74,1,678.645247
778,-455.3931,61,0,750.720727
779,-1175.8321,253,0,689.911159
780,298.2858,91,1,615.972260
781,-716.3270,293,0,678.534744
782,-5.5557,465,0,665.946236
783,-186.4450,74,1,695.706496
784,-525.1647,174,1,609.737155
785,-92.9220,74,1,771.738502
786,94.3016,210,1,661.136635
787,-373.8147,73,1,712.460088
788,-457.7793,54,0,660.086926
789,-498.5948,68,0,572.350964
790,-156.4697,74,1,673.867898
791,-11.4191,74,1,751.760086
792,-522.9342,170,0,667.031785
793,-43.0670,174,1,709.893524
794,-269.7033,73,1,641.847063
795,-353.4834,57,0,664.797372
796,-1160.9662,248,0,679.807782
797,-41.6636,271,1,667.447032
798,196.5292,77,1,730.354117
799,-115.1218,74,1,690.064193
800,196.7657,78,1,754.823865
801,-291.4165,74,1,643.870889
802,80.8231,174,1,633.939929
803,657.8492,343,1,659.040319
804,56.8104,75,1,683.997158
805,-316.8385,330,0,687.419898
806,95.5418,76,1,748.466550
807,-476.8886,34,0,689.585508
808,66.3396,219,1,677.658717
809,-1036.9827,124,0,765.999445
810,-293.3682,74,1,715.483862
811,-305.3251,120,0,780.720345
812,42.3862,174,1,680.444594
813,-428.8030,351,0,674.828357
814,-100.2473,73,1,626.351328
815,-102.5042,74,1,725.583417
816,55.7367,73,1,613.777620
817,-290.4530,174,1,682.691210
818,-460.7585,25,0,711.555442
819,-544.7783,174,1,683.427171
820,26.4624,74,1,630.162608
821,-326.6756,132,0,753.954125
822,-577.1209,117,0,671.874521
823,191.2322,349,1,692.454109
824,-720.9734,220,0,705.257478
825,-204.2725,174,1,696.889591
826,-1164.8851,263,0,702.267680
827,-424.9295,177,0,692.264297
828,-383.3675,60,0,717.134643
829,27.2547,74,1,666.143970
830,76.5981,75,1,641.335425
831,-285.0317,74,1,634.169709
832,-944.9627,154,0,767.902396
833,-205.9660,74,1,614.019568
834,-750.7432,292,0,712.892829
835,-273.8812,74,1,742.126676
836,-296.4909,174,1,701.558959
837,-185.7771,74,1,666.832613
838,-248.9422,73,1,763.741018
839,-81.4478,74,1,653.203652
840,-118.7571,500,0,694.068122
841,-604.5574,174,1,689.811870
842,225.7642,87,1,655.981249
843,-913.1907,174,1,700.921844
844,-1179.1451,245,0,704.470715
845,-181.8309,174,1,718.746787
846,-346.7608,62,0,695.785817
847,-716.1215,174,1,694.794804
848,-622.8176,174,1,738.185130
849,-685.5904,286,0,683.895779
850,-80.9987,73,1,638.150439
851,-449.0473,62,0,818.453237
852,-537.1716,174,1,696.096285
853,-157.8992,174,1,741.180175
854,-35.4297,74,1,719.625475
855,-214.5107,273,0,709.431740
856,-312.2666,174,1,693.232983
857,-527.1853,299,0,749.293800
858,-688.0505,174,1,737.687473
859,-292.2541,137,1,685.509883
860,-718.5556,174,1,668.689639
861,-108.9730,74,1,697.661516
862,-425.7523,74,1,751.999556
863,-30.6558,294,1,682.196076
864,-113.2523,174,1,780.289430
865,-553.5160,142,0,731.427281
866,-269.9221,73,1,733.171955
867,-282.7131,73,1,698.037454
868,-533.3507,76,0,695.542421
869,-364.5316,35,0,757.874510
870,-313.4957,174,1,692.273554
871,-64.9171,174,1,769.434358
872,-774.4671,202,0,745.398573
873,-423.6822,58,0,624.000153
874,-139.4945,174,1,646.103886
875,-143.8323,73,1,796.771889
876,8.5038,174,1,738.119628
877,-394.6662,174,1,740.758759
878,-403.3308,422,0,696.922074
879,-191.6454,158,1,721.998273
880,-489.5559,55,0,861.734000
881,56.7795,74,1,688.573643
882,-297.1266,291,0,708.671796
883,-200.3667,151,1,723.396202
884,-368.3202,80,0,746.990228
885,-813.1804,174,1,775.668834
886,-408.8383,174,1,706.488884
887,-341.0008,304,0,710.761988
888,91.5985,75,1,705.290321
889,60.6531,482,0,714.887083
890,-141.8393,74,1,748.919381
891,-690.8976,174,1,711.462996
892,-30.4310,159,1,710.077908
893,-99.6998,74,1,743.610340
894,100.7363,75,1,697.888557
895,90.5847,174,1,730.782360
896,-1166.3183,258,0,725.500284
897,-602.3486,162,0,697.098334
898,-326.0260,174,1,698.359940
899,-205.8333,74,1,704.413974
900,-391.4330,59,0,713.850999
901,-555.2870,157,0,732.119736
902,-335.1658,341,0,710.762101
903,-459.9052,25,0,633.393215
904,62.0400,256,1,684.899584
905,-9.0941,238,1,664.918059
906,-435.4824,328,0,738.835775
907,-498.9792,308,0,683.690604
908,-955.8822,174,1,660.228846
909,-527.3475,364,0,739.103353
910,-394.4379,66,0,802.091918
911,-473.9488,130,1,700.316129
912,348.7312,123,1,714.717213
913,-56.9762,74,1,670.145602
914,-1017.5524,287,0,706.074318
915,-859.2972,291,0,708.902770
916,-1038.1888,174,1,691.528939
917,247.0316,96,1,774.475824
918,-258.5570,73,1,611.503498
919,630.5580,138,1,727.494481
920,51.3999,261,1,747.429358
921,34.9413,73,1,681.124264
922,-146.1712,174,1,730.922131
923,-366.3128,174,1,662.897164
924,-38.8157,462,0,705.771441
925,15.0931,464,0,695.767958
926,-629.4295,174,1,738.964740
927,69.3485,174,1,700.547545
928,-904.1577,174,1,682.663481
929,-486.7472,174,1,666.760160
930,-1036.1239,174,1,688.426403
931,-61.2029,181,1,651.541876
932,-429.2833,333,0,704.239182
933,-14.2490,74,1,695.138402
934,-507.8713,174,1,647.547392
935,-72.8885,74,1,685.808707
936,-952.3607,174,1,690.038723
937,-226.3332,74,1,658.876162
938,-87.9046,156,1,709.422076
939,-91.7267,74,1,690.050712
940,-569.9092,174,1,712.716279
941,-348.4334,60,0,645.572160
942,40.2999,174,1,669.006342
943,-384.9428,174,1,667.262901
944,-504.9324,58,0,661.596450
945,61.3473,75,1,750.284971
946,40.5591,73,1,715.342714
947,-575.0335,221,0,703.951115
948,-813.3233,174,1,700.403174
949,-20.0435,74,1,784.222266
950,-283.1247,74,1,778.761486
951,-430.9004,174,1,706.232313
952,-257.2082,73,1,676.818569
953,-537.1265,232,0,754.535703
954,-83.6563,154,1,653.098601
955,235.1628,283,1,687.390698
956,-134.1996,174,1,773.715980
957,-380.4005,25,0,764.332546
958,-201.3472,73,1,655.395724
959,-142.0523,76,1,691.657059
960,-174.4049,74,1,791.717881
961,-529.1959,174,1,708.214302
962,-221.4048,74,1,688.417081
963,-880.3822,130,0,724.050667
964,-543.3951,73,1,675.624383
965,-441.3959,56,0,675.538311
966,-657.8096,209,0,747.017629
967,-219.7504,74,1,621.239513
968,103.5944,75,1,691.863008
969,-494.9990,54,0,765.966884
970,-466.7323,20,0,623.849426
971,-209.6544,174,1,713.745203
972,-269.1992,74,1,736.591128
973,-223.8831,73,1,669.299379
974,-534.0707,85,0,659.803171
975,-130.6630,74,1,719.321554
976,-187.5615,74,1,708.789027
977,-536.5776,151,0,647.997782
978,-353.5187,57,0,698.500150
979,-383.3838,62,0,724.248214
980,-495.5684,345,0,698.444087
981,-928.9438,168,0,718.437778
982,-440.4012,73,1,808.265940
983,-337.6277,66,0,677.009435
984,-930.6387,280,0,699.799968
985,-571.4982,196,0,708.042364
986,-34.1752,174,1,661.008128
987,-388.8282,26,0,748.810181
988,-376.9651,174,1,736.229981
989,-566.2293,174,1,728.331445
990,-227.4508,326,0,724.524823
991,-446.5235,53,0,726.844151
992,368.7141,118,1,681.863645
993,-351.2190,72,0,689.098205
994,-451.4154,66,0,624.797666
995,-473.4463,47,0,742.036794
996,-326.0952,101,0,698.973267
997,-449.1161,304,0,713.328338
998,-244.6197,284,0,726.804987
999,-142.4695,311,0,757.529159
1000,-586.5790,174,1,678.913891
1001,-230.1706,74,1,652.888323
1002,-459.0000,73,1,680.537606
1003,-11.1445,174,1,675.447049
1004,-729.3030,174,1,705.951978
1005,1.5569,74,1,726.522807
1006,-90.0578,74,1,748.209782
1007,-211.6150,156,1,734.598394
1008,95.9537,174,1,638.161329
1009,-409.8378,174,1,710.377106
1010,684.1377,268,1,682.085077
1011,-192.5830,174,1,739.179439
1012,-572.9629,84,0,691.935027
1013,-345.0462,174,1,764.417398
1014,-1112.7422,174,1,693.874566
1015,125.5065,75,1,719.958842
1016,-58.7601,74,1,721.669921
1017,-280.2950,278,0,722.567501
1018,-123.2122,74,1,758.311189
1019,-349.7546,62,0,681.673816
1020,-1114.0436,223,0,647.286433
1021,-771.4402,174,1,696.533862
1022,-14.4100,74,1,697.192260
1023,-258.7373,74,1,728.729287
1024,-135.1712,422,0,724.063508
1025,-605.1386,174,1,703.253305
1026,-28.5105,174,1,718.193606
1027,297.0680,99,1,690.640246
1028,-291.8034,74,1,722.598340
1029,-41.9507,443,0,712.669167
1030,14.1988,73,1,724.035609
1031,-311.1099,74,1,650.267950
1032,-1137.2319,174,1,706.505870
1033,-205.2882,174,1,712.626537
1034,-490.2591,68,0,677.786051
1035,-167.2726,162,1,643.008876
1036,20.5812,174,1,709.728461
1037,101.5588,174,1,674.238531
1038,-256.1963,306,0,698.802911
1039,-73.4451,75,1,687.595029
1040,-1325.2238,174,1,674.529849
1041,-488.7049,63,0,724.512082
1042,-237.9839,74,1,648.950448
1043,-262.0250,174,1,719.140588
1044,-338.6033,174,1,693.205111
1045,12.4113,74,1,782.841382
1046,84.6200,174,1,685.367179
1047,-229.9275,174,1,689.701945
1048,59.5440,234,1,701.716188
1049,49.2751,75,1,676.002574
1050,9.6048,174,1,684.609005
1051,-395.0445,73,1,731.354225
1052,5.9423,74,1,678.316091
1053,-261.0272,74,1,683.158816
1054,-608.4546,174,1,706.574181
1055,-167.4531,344,0,701.673523
1056,-184.7179,74,1,684.998980
1057,-278.4919,74,1,666.337531
1058,-491.6375,64,0,669.768840
1059,-68.2542,74,1,658.923292
1060,-10.7224,174,1,740.870922
1061,-457.7632,70,0,631.237268
1062,-477.2905,47,0,735.891168
1063,-13.1146,174,1,647.891572
1064,671.5652,230,1,667.687653
1065,-317.5042,174,1,712.080021
1066,68.5660,174,1,671.737621
1067,49.6824,174,1,668.494385
1068,-466.4802,47,0,644.774480
1069,-921.7365,151,0,660.971769
1070,-165.6231,74,1,693.870411
1071,-317.6739,74,1,638.484514
1072,154.9069,238,1,730.756019
1073,-348.1123,341,0,696.098898
1074,136.4074,78,1,661.801939
1075,-380.3196,294,0,658.758601
1076,-1376.6301,174,1,648.748683
1077,-454.1339,338,0,684.656268
1078,-436.3058,51,0,653.956733
1079,-431.3767,174,1,656.297270
1080,23.8512,73,1,669.143150
1081,-441.7871,174,1,675.451265
1082,-240.5632,174,1,708.236496
1083,-517.5312,94,0,667.485793
1084,-45.9973,179,1,662.005974
1085,93.9864,76,1,659.383219
1086,-66.8172,74,1,716.681882
1087,154.3954,411,0,684.049916
1088,-200.5457,174,1,676.277765
1089,-272.3656,309,0,657.602784
1090,402.5652,111,1,640.479320
1091,-226.3116,73,1,638.280846
1092,44.2337,73,1,650.645008
1093,-475.7709,49,0,620.052307
1094,-172.2115,174,1,693.009372
1095,-426.1832,304,0,705.056513
1096,-607.8315,251,0,656.442218
1097,-421.3802,174,1,648.549682
1098,-382.1759,24,0,616.417391
1099,588.3539,189,1,672.248138
1100,-171.6981,74,1,687.723196
1101,-61.7453,174,1,698.725213
1102,-181.2229,73,1,717.380249
1103,-450.5864,33,0,784.651275
1104,-390.0901,64,0,633.644484
1105,-90.7431,74,1,628.381270
1106,-280.2699,74,1,641.120115
1107,152.0899,245,1,689.733191
1108,46.0870,74,1,762.292864
1109,-257.9513,74,1,669.014733
1110,-1038.1375,271,0,712.521290
1111,-465.1324,174,1,677.281932
1112,-467.3534,40,0,603.264215
1113,-87.2995,73,1,709.644323
1114,-471.1593,37,0,812.056470
1115,-198.9875,74,1,712.908495
1116,156.5576,81,1,619.661284
1117,-379.4949,174,0,683.265805
1118,-230.8398,74,1,724.808690
1119,-1007.0342,145,0,634.946294
1120,-486.3417,64,0,689.115251
1121,-205.0785,73,1,685.265318
1122,-1125.0082,284,0,686.600814
1123,-316.3260,286,0,671.578907
1124,137.6626,76,1,649.967369
1125,-357.3604,133,0,661.693055
1126,-390.0530,75,0,671.725729
1127,58.8394,174,1,674.839556
1128,-14.4881,174,1,637.436801
1129,-269.8841,74,1,622.802061
1130,-179.0818,174,1,648.110733
1131,-265.5320,74,1,638.866628
1132,-58.4518,185,1,627.236383
1133,500.8020,221,1,689.373685
1134,-338.9644,138,1,664.809531
1135,121.7694,259,1,667.965435
1136,-183.9316,74,1,633.202106
1137,-94.4674,163,1,627.463299
1138,548.7194,244,1,633.443810
1139,-651.6447,295,0,633.165502
1140,-517.4925,92,0,665.684519
1141,598.6640,136,1,648.092378
1142,-319.9680,73,1,649.688284
1143,315.0159,102,1,627.314747
1144,102.3306,75,1,689.661003
1145,-601.2545,145,0,660.038317
1146,67.9113,75,1,614.164738
1147,-464.5659,44,0,598.098729
1148,361.1157,110,1,647.441319
1149,-193.2688,73,1,603.059659
1150,88.0271,174,1,630.522149
1151,-219.5624,74,1,609.284101
1152,-446.5770,72,0,593.782629
1153,-342.7035,74,1,632.515308
1154,-550.0294,159,0,654.695399
1155,-255.2192,74,1,682.503733
1156,74.9864,174,1,684.879234
1157,-918.7226,272,0,646.011411
1158,-125.6887,174,1,627.650879
1159,-302.6874,74,1,649.246658
1160,-201.3239,74,1,653.762669
1161,56.0548,74,1,648.460795
1162,744.7913,291,1,632.981802
1163,-929.1632,152,0,653.767216
1164,69.7490,74,1,621.329532
1165,185.5202,77,1,643.991549
1166,-548.8206,211,0,613.415071
1167,-81.1348,74,1,649.063046
1168,-366.1933,61,0,669.305489
1169,-378.8071,134,0,613.531054
1170,68.6661,226,1,616.636773
1171,-337.2616,56,0,608.862946
1172,-1105.3432,174,1,591.503064
1173,-325.9404,174,1,684.870473
1174,-106.3118,74,1,647.181193
1175,-322.9909,174,1,644.045605
1176,-437.2049,288,0,649.216673
1177,-924.4710,158,0,607.711441
1178,41.6578,74,1,574.627331
1179,-115.6286,74,1,665.117047
1180,-31.4085,423,0,664.697807
1181,-471.6859,174,1,577.939775
1182,-990.6372,154,0,609.949155
1183,-485.5463,59,0,719.208415
1184,-465.4625,36,0,613.835824
1185,-510.5221,313,0,633.135246
1186,-180.4479,174,1,620.144953
1187,-490.6437,56,0,656.077315
1188,-38.6861,74,1,557.318161
1189,-384.0055,174,1,627.543214
1190,-544.1548,174,1,614.505695
1191,-265.7951,73,1,586.786997
1192,-500.4460,74,0,604.487203
1193,-133.1265,74,1,628.705715
1194,-317.9895,74,1,626.791381
1195,-879.5831,174,1,642.312729
1196,-523.5764,95,0,657.898763
1197,-19.3162,73,1,672.108792
1198,-558.1084,158,0,651.515746
1199,-483.5394,73,1,574.853339
1200,-933.2861,169,0,662.396069
1201,-199.0831,74,1,590.793422
1202,-195.4204,74,1,714.015681
1203,-468.9654,174,1,638.441936
1204,-602.8882,174,1,643.193636
1205,166.0357,88,1,626.542095
1206,-0.5923,170,1,649.711795
1207,-452.7110,74,1,626.769798
1208,140.3151,75,1,616.497416
1209,-722.4798,174,1,666.896724
1210,137.3389,220,1,631.713661
1211,-322.2631,67,0,666.906279
1212,-463.8769,174,1,647.487480
1213,-102.2741,74,1,661.624767
1214,-334.6718,59,0,735.044820
1215,-499.6825,174,1,611.922172
1216,-370.0622,74,1,667.145142
1217,-356.6525,94,0,714.697164
1218,-577.6743,174,1,644.319047
1219,360.3504,107,1,635.075212
1220,-528.6936,182,0,650.768039
1221,-226.6904,328,0,674.677319
1222,-658.4004,273,0,638.325816
1223,-426.0680,174,1,614.854774
1224,-1003.0619,114,0,586.248694
1225,149.0544,237,1,656.102865
1226,-46.4090,74,1,698.955378
1227,-587.6948,99,0,675.210777
1228,-619.1524,291,0,659.192194
1229,-919.5284,174,1,646.338591
1230,-67.2629,174,1,682.119267
1231,-292.9186,74,1,651.525372
1232,-105.2402,153,1,662.854111
1233,-378.9282,20,0,748.199747
1234,-502.2599,89,0,603.306941
1235,-329.3121,59,0,610.552793
1236,-39.6996,174,1,673.525975
1237,-438.2617,58,0,646.604532
1238,60.0692,74,1,651.987239
1239,78.9709,75,1,638.885472
1240,75.6877,74,1,590.791467
1241,-463.6914,174,1,633.183783
1242,-557.1135,86,0,620.777147
1243,-997.3873,174,1,655.364123
1244,-478.8266,59,0,697.469762
1245,-183.3603,397,0,651.189353
1246,-301.8015,310,0,635.687245
1247,-160.0417,411,0,664.863364
1248,111.3176,76,1,619.548831
1249,-160.4760,74,1,642.848840
1250,-1198.0290,270,0,645.109247
1251,-294.2873,74,1,625.758122
1252,-179.7648,155,1,611.185099
1253,-198.1615,174,1,660.897154
1254,66.3548,75,1,641.047769
1255,641.4583,206,1,670.366953
1256,-754.5119,174,1,649.500136
1257,-310.2543,174,1,635.443744
1258,-700.3080,174,1,667.578058
1259,-78.6683,74,1,619.862670
1260,-29.7608,74,1,613.110434
1261,-601.2840,291,0,639.885979
1262,-465.6248,24,0,593.056099
1263,-590.8539,174,1,639.007224
1264,59.9636,174,1,658.944862
1265,-545.1936,174,1,612.043138
1266,-20.7231,74,1,644.817364
1267,-122.8970,165,1,674.996721
1268,-520.0962,174,1,643.308427
1269,-135.9723,74,1,617.760875
1270,-622.3625,174,1,634.374431
1271,50.9975,73,1,630.868096
1272,-481.6143,54,0,718.948275
1273,-442.1176,319,0,649.242806
1274,-398.4737,174,1,636.452777
1275,-415.2304,73,1,656.630262
1276,-31.3823,74,1,624.464101
1277,-260.2589,174,1,656.074514
1278,-79.6758,74,1,640.870545
1279,-329.4918,174,1,618.331393
1280,-420.6164,287,0,622.968280
1281,-566.6348,106,0,607.510949
1282,19.6937,74,1,628.939842
1283,-622.9190,174,1,640.860942
1284,-148.4228,74,1,655.816083
1285,-1.5193,75,1,630.320866
1286,-283.6914,74,1,613.811810
1287,-215.0839,74,1,601.341035
1288,-189.2794,74,1,690.850732
1289,-379.0106,174,1,630.388324
1290,-272.3326,279,0,639.438407
1291,-393.7523,24,0,624.363489
1292,-359.4301,103,0,626.707187
1293,12.3569,75,1,600.743687
1294,-591.8969,302,0,608.378165
1295,99.1556,76,1,588.186414
1296,-390.2304,74,1,625.865582
1297,-24.2690,74,1,621.818708
1298,-500.8447,174,1,597.153866
1299,-628.0278,198,0,606.777364
1300,-86.6225,363,0,611.089793
1301,-301.2219,73,1,579.194898
1302,-734.4790,271,0,605.468923
1303,-484.0186,128,1,636.162692
1304,85.2270,74,1,604.346561
1305,52.6431,73,1,632.330900
1306,56.5091,319,0,605.843772
1307,-616.7579,211,0,601.086486
1308,-557.0418,292,0,623.669080
1309,-338.6057,285,0,623.738903
1310,42.0582,174,1,592.021404
1311,44.0282,73,1,598.825020
1312,172.2703,79,1,676.733563
1313,-386.4025,61,0,652.522432
1314,-729.9384,174,1,647.219964
1315,-87.9413,174,1,626.698376
1316,-496.5698,69,0,613.124904
1317,38.8058,172,1,630.251789
1318,324.1156,106,1,630.906548
1319,-116.9830,175,1,596.677385
1320,-319.9749,78,0,633.638265
1321,-141.2555,165,1,617.408604
1322,-356.2501,174,1,639.555329
1323,-743.3703,174,1,597.067343
1324,-574.7563,174,1,590.299035
1325,-925.0211,161,0,588.914955
1326,-168.7966,303,1,618.506180
1327,-385.8943,24,0,607.599978
1328,-398.2030,73,1,641.496862
1329,-394.8184,174,1,637.008620
1330,-624.9857,205,0,598.113899
1331,-489.8055,65,0,601.342237
1332,-254.2561,74,1,568.607990
1333,-354.3652,50,0,650.779310
1334,-251.9521,174,1,560.961414
1335,-1099.9831,267,0,613.849960
1336,-899.6002,105,0,628.222885
1337,-487.9619,58,0,608.256164
1338,-292.9757,174,1,600.850589
1339,-477.2871,46,0,622.962680
1340,-534.6040,117,0,592.253676
1341,-508.1135,81,0,612.262658
1342,-361.5168,316,0,606.399117
1343,-378.8844,75,0,546.546303
1344,-645.0361,174,1,602.506468
1345,-68.5327,74,1,590.225857
1346,25.2474,74,1,562.512843
1347,-179.0690,75,1,616.311809
1348,-402.0556,163,0,586.547925
1349,114.6530,77,1,611.227680
1350,-472.8727,28,0,583.082093
1351,-82.7552,74,1,533.587797
1352,510.3212,114,1,597.547882
1353,-950.0200,154,0,578.077476
1354,-681.2646,165,0,596.909663
1355,-617.0081,141,0,634.452063
1356,-606.8184,155,0,593.919305
1357,-115.3464,74,1,621.249645
1358,33.3525,331,0,598.546730
1359,0.1334,75,1,600.495428
1360,-373.0928,57,0,611.005995
1361,-195.9166,73,1,660.804140
1362,-239.6200,74,1,668.823868
1363,-250.6036,74,1,538.492297
1364,-327.1868,73,1,630.132325
1365,-456.9355,73,1,597.591749
1366,168.8132,78,1,653.396213
1367,80.0086,174,1,624.879179
1368,-384.1600,25,0,706.363899
1369,-462.5864,26,0,653.369074
1370,710.6728,237,1,620.112525
1371,-332.3382,140,0,628.857251
1372,-1147.3239,270,0,613.050966
1373,-479.6819,58,0,586.967208
1374,-491.9695,61,0,611.315814
1375,-822.0709,280,0,625.743805
1376,173.3931,77,1,649.654516
1377,10.1197,74,1,652.630842
1378,-654.0114,174,1,608.442692
1379,-594.9796,233,0,621.189443
1380,-468.6140,45,0,626.413331
1381,-199.0495,74,1,652.351156
1382,-619.0129,282,0,599.111005
1383,-286.0120,282,0,591.489321
1384,-97.6867,174,1,644.850294
1385,256.8828,272,1,582.653739
1386,-436.9214,69,0,591.386509
1387,457.2865,124,1,553.608578
1388,-533.9657,73,1,562.863184
1389,-54.4727,73,1,598.595226
1390,20.4971,74,1,606.503944
1391,-561.1157,167,0,635.322253
1392,-340.6009,73,1,603.152798
1393,-380.5922,73,1,585.630640
1394,-424.5825,174,1,587.973268
1395,-318.8810,74,1,634.938540
1396,-434.7916,52,0,667.546985
1397,-501.3385,61,0,606.628022
1398,-417.2630,174,1,589.568000
1399,-119.2826,357,0,609.560766
1400,-434.6236,170,0,608.090198
1401,-912.4142,137,0,605.670798
1402,-325.7789,299,0,604.102514
1403,183.6140,76,1,579.461929
1404,82.3269,75,1,601.676533
1405,-13.9288,75,1,616.528322
1406,-176.2838,74,1,615.580623
1407,-338.1332,74,1,592.626736
1408,-130.7192,73,1,593.968510
1409,-200.8190,75,1,560.895274
1410,348.0076,110,1,603.387306
1411,-462.8669,30,0,650.740484
1412,206.4427,87,1,593.500025
1413,-231.7453,352,0,597.093094
1414,-20.0959,74,1,623.774826
1415,528.7948,162,1,598.688624
1416,-85.8515,345,1,607.336420
1417,-355.4135,74,1,655.522113
1418,57.3492,75,1,553.342977
1419,-454.9007,69,0,588.656364
1420,-647.2963,162,0,630.890367
1421,-553.1294,128,0,596.560132
1422,-1780.4768,128,0,596.176978
1423,-596.3271,208,0,593.654300
1424,-648.1764,163,0,620.909815
1425,-476.9145,55,0,651.589887
1426,56.4016,174,1,596.602511
1427,-459.4177,57,0,609.202993
1428,91.3370,74,1,601.768618
1429,-470.8312,238,0,599.628816
1430,-1033.4606,270,0,612.242912
1431,-625.8796,174,1,638.287971
1432,-350.2430,323,0,619.895343
1433,-58.8466,75,1,538.907629
1434,-431.2842,73,0,562.254557
1435,-505.5621,48,0,619.948897
1436,-413.7518,174,1,612.920045
1437,-132.5232,174,1,606.817419
1438,30.1074,174,1,611.573635
1439,79.9161,74,1,589.824745
1440,-199.7297,329,0,618.171438
1441,-482.8853,305,0,588.510241
1442,-691.6422,174,1,630.667439
1443,-598.7648,180,0,582.630585
1444,-591.5603,174,1,610.304374
1445,-209.8663,74,1,596.103561
1446,18.7937,75,1,565.235177
1447,-156.9207,163,1,595.295896
1448,-465.3906,174,1,579.360911
1449,-118.3674,154,1,597.525769
1450,-897.4620,174,1,604.252125
1451,-166.3423,154,1,607.119267
1452,700.5551,236,1,632.109920
1453,-988.3083,270,0,629.294222
1454,-211.6605,74,1,583.475296
1455,107.1230,78,1,597.531583
1456,-14.8259,74,1,566.708600
1457,-462.7703,55,0,610.350495
1458,-507.7220,74,0,597.958053
1459,-1097.1861,274,0,585.209010
1460,-263.3720,174,1,605.076105
1461,-107.1987,74,1,640.600251
1462,54.4156,73,1,615.504619
1463,-809.4247,174,1,588.202845
1464,-900.8526,293,0,591.518342
1465,-218.6251,74,1,594.334625
1466,-949.7556,79,0,599.696811
1467,326.7277,98,1,579.751613
1468,-171.6174,174,1,633.134101
1469,-396.8713,308,0,593.382367
1470,336.3728,117,1,609.255698
1471,-878.9588,174,1,575.526032
1472,-461.2893,19,0,640.149833
1473,-310.0394,174,1,611.738356
1474,-813.7010,174,1,621.809172
1475,19.6687,194,1,605.736251
1476,-259.2275,147,1,641.104320
1477,118.3983,237,1,593.761001
1478,-274.5867,174,1,592.568949
1479,-366.4175,73,1,622.464852
1480,-503.0332,74,0,651.966008
1481,-100.7945,174,1,616.365115
1482,89.2108,74,1,587.281361
1483,-370.7537,74,1,619.094749
1484,364.2716,109,1,601.795150
1485,-314.6816,75,0,628.339128
1486,-38.4370,221,1,599.956467
1487,-414.5672,276,0,605.309854
1488,526.2127,202,1,616.718879
1489,31.0129,75,1,657.964699
1490,-192.9979,74,1,569.171003
1491,-478.7414,56,0,562.499550
1492,-806.7701,264,1,607.781265
1493,-138.6313,174,1,644.808161
1494,210.1004,78,1,667.204874
1495,-381.3334,74,1,590.545968
1496,-269.4201,329,0,646.609080
1497,-380.1036,81,0,636.758399
1498,-178.6123,74,1,600.722638
1499,-405.0363,154,0,633.327206
