episode,total_reward,episode_length,success,actor_loss,critic_loss,dry_mass,fuel_mass_init,self_fuel_end,phase_switched,efficiency
0,997.8118,600,1,-1.9907,0.3370,423,0,0.5782,1,0.9979
1,12.7296,164,0,-2.8008,0.0586,423,32,0.7712,0,0.9972
2,611.3242,600,1,-3.4628,0.2368,423,0,0.3778,1,0.9963
3,1030.8613,600,1,-5.6394,0.3383,423,0,0.2903,1,0.9985
4,16.7496,600,0,-7.5494,0.3754,423,49,0.5040,1,0.9936
5,991.1424,600,1,-9.3727,0.6668,423,0,0.2125,1,0.9984
6,733.0496,600,1,-11.1833,0.7016,423,0,0.2180,1,0.9966
7,4.6895,120,0,-12.5970,0.8495,423,111,0.8356,0,0.9969
8,4.4790,148,0,-12.6769,1.1124,423,110,0.7973,1,0.9949
9,887.7729,600,1,-13.7568,1.3426,423,0,0.4301,1,0.9970
10,702.8083,600,1,-15.8329,1.5385,423,0,0.2127,1,0.9982
11,892.8361,600,1,-17.7059,1.7193,423,0,0.2144,1,0.9977
12,261.8225,600,1,-19.3340,2.2045,423,0,0.1953,1,0.9950
13,886.8957,600,1,-21.4176,2.4833,423,0,0.4507,1,0.9983
14,897.7597,600,1,-23.6429,3.2359,423,0,0.2593,1,0.9978
15,11.1543,123,0,-24.8640,3.8926,423,9,0.8266,0,0.9979
16,712.8343,600,1,-25.5198,3.5410,423,0,0.0947,1,0.9975
17,12.2296,117,0,-26.8965,4.1857,423,21,0.8262,0,0.9979
18,18.9195,600,0,-27.4177,3.8372,423,31,0.2132,1,0.9880
19,870.0208,600,1,-28.7515,4.2788,423,0,0.2045,1,0.9986
20,907.7928,600,1,-30.4288,5.2659,423,0,0.4866,1,0.9971
21,13.2976,236,0,-31.5888,6.0489,423,39,0.7063,0,0.9975
22,962.5375,600,1,-32.6019,6.3945,423,0,0.2255,1,0.9979
23,986.2158,600,1,-34.3933,7.3422,423,0,0.2700,1,0.9985
24,935.3746,600,1,-35.9676,8.6103,423,0,0.1835,1,0.9962
25,5.9917,81,0,-36.1583,8.5803,423,92,0.8801,0,0.9980
26,19.1782,600,0,-37.3748,8.8330,423,28,0.3125,1,0.9745
27,1024.2204,600,1,-38.9092,9.0569,423,0,0.1956,1,0.9971
28,929.2517,600,1,-40.6562,9.3651,423,0,0.4155,1,0.9971
29,6.9350,131,0,-42.0666,11.8249,423,55,0.8146,0,0.9977
30,1002.5827,600,1,-42.5130,10.6139,423,0,0.2535,1,0.9920
31,912.8913,600,1,-44.1599,10.4491,423,0,0.2291,1,0.9961
32,596.4729,600,1,-45.5912,10.7778,423,0,0.2885,1,0.9981
33,973.1025,600,1,-47.0877,11.9099,423,0,0.1846,1,0.9973
34,13.6161,169,0,-48.1340,13.0029,423,2,0.7423,0,0.9978
35,6.4472,124,0,-48.0794,13.2620,423,94,0.8197,0,0.9973
36,856.4929,600,1,-48.9434,13.4504,423,0,0.1807,1,0.9988
37,16.1399,600,0,-50.2235,13.4299,423,70,0.2117,1,0.9888
38,17.5327,600,0,-51.5748,14.4748,423,54,0.2551,1,0.9663
39,872.0038,600,1,-52.6102,17.1070,423,0,0.1779,1,0.9985
40,829.2605,600,1,-53.9989,15.2899,423,0,0.2747,1,0.9982
41,5.4940,178,0,-54.7874,16.6605,423,83,0.7594,1,0.9934
42,14.6167,258,0,-54.5852,16.8244,423,31,0.6577,0,0.9964
43,1014.4163,600,1,-55.0414,18.1960,423,0,0.2213,1,0.9983
44,1003.0197,600,1,-56.1997,17.3614,423,0,0.3257,1,0.9971
45,19.4777,600,0,-57.2433,18.1954,423,22,0.4907,1,0.9979
46,888.5885,600,1,-58.0912,157.6927,423,0,0.1560,1,0.9980
47,8.7929,108,0,-58.4340,30.1868,423,30,0.8421,0,0.9982
48,849.1897,600,1,-59.2505,48.1008,423,0,0.1522,1,0.9982
49,859.2806,600,1,-60.0761,28.0220,423,0,0.1869,1,0.9979
50,1038.3575,600,1,-61.1212,28.4571,423,0,0.1603,1,0.9983
51,920.6462,600,1,-62.4342,32.5345,423,0,0.2344,1,0.9980
52,11.4068,350,0,-63.1280,53.1909,423,43,0.4972,1,0.9943
53,11.9755,150,0,-63.9140,30.5111,423,34,0.7994,0,0.9989
54,773.4406,600,1,-64.3051,33.7030,423,0,0.1751,1,0.9965
55,6.3305,144,0,-65.2934,35.6667,423,93,0.7996,0,0.9969
56,928.7293,600,1,-65.4272,37.1669,423,0,0.2463,1,0.9961
57,879.2535,600,1,-66.3505,42.9212,423,0,0.1786,1,0.9991
58,961.3841,600,1,-67.4448,30.8533,423,0,0.2574,1,0.9949
59,741.1482,600,1,-68.8105,39.6984,423,0,0.2869,1,0.9971
60,11.8720,133,0,-69.2981,33.8243,423,9,0.8027,0,0.9987
61,345.4236,600,1,-69.6742,39.1911,423,0,0.2527,1,0.9977
62,771.5382,600,1,-70.6087,35.0378,423,0,0.3222,1,0.9977
63,870.1649,600,1,-71.7000,30.7483,423,0,0.2244,1,0.9980
64,845.4365,600,1,-71.9155,34.2947,423,0,0.3810,1,0.9981
65,18.1840,600,0,-73.0743,35.6075,423,30,0.2929,1,0.9936
66,946.6238,600,1,-73.9000,38.0213,423,0,0.3012,1,0.9972
67,588.7547,600,1,-74.7789,36.9051,423,0,0.2187,1,0.9975
68,343.8349,600,1,-75.5950,34.1344,423,0,0.2365,1,0.9926
69,22.0862,600,0,-76.3783,48.4045,423,12,0.1993,1,0.9924
70,963.1575,600,1,-77.2954,43.5241,423,0,0.2918,1,0.9983
71,8.2598,97,0,-78.0978,25.7117,423,51,0.8619,0,0.9982
72,17.4289,600,0,-78.3104,33.4504,423,78,0.3236,1,0.9927
73,869.3390,600,1,-78.7044,35.6310,423,0,0.2073,1,0.9981
74,22.0296,600,0,-79.3550,37.3613,423,31,0.2504,1,0.9954
75,1026.0665,600,1,-79.9172,41.1488,423,0,0.2793,1,0.9989
76,318.4850,600,1,-80.2140,45.5638,423,0,0.1444,1,0.9967
77,998.3245,600,1,-80.6771,33.0106,423,0,0.2677,1,0.9964
78,791.0118,600,1,-81.3653,32.7277,423,0,0.2891,1,0.9948
79,928.2091,600,1,-81.9759,41.6666,423,0,0.2328,1,0.9959
80,903.9903,600,1,-82.5113,33.8241,423,0,0.3958,1,0.9990
81,934.4490,600,1,-83.0782,37.8885,423,0,0.3095,1,0.9975
82,990.1356,600,1,-83.9382,34.4154,423,0,0.3745,1,0.9980
83,1018.7742,600,1,-84.6852,38.3077,423,0,0.2304,1,0.9976
84,10.7660,136,0,-85.3796,31.0113,423,33,0.8216,0,0.9979
85,13.2852,124,0,-85.0676,47.3926,423,7,0.8357,0,0.9986
86,816.3884,600,1,-85.6385,38.1739,423,0,0.2530,1,0.9949
87,653.0894,600,1,-86.1106,35.4685,423,0,0.2125,1,0.9964
88,977.4715,600,1,-86.7928,45.1231,423,0,0.1901,1,0.9987
89,951.2501,600,1,-87.3059,36.4814,423,0,0.2018,1,0.9986
90,1001.8431,600,1,-88.0587,37.3325,423,0,0.2746,1,0.9983
91,918.3233,600,1,-88.5787,41.2486,423,0,0.2121,1,0.9980
92,828.3885,600,1,-89.2803,36.2446,423,0,0.4891,1,0.9951
93,900.1575,600,1,-90.1355,36.4104,423,0,0.2822,1,0.9974
94,1015.5498,600,1,-90.8178,32.7936,423,0,0.2348,1,0.9972
95,694.6635,600,1,-91.1768,36.2708,423,0,0.2735,1,0.9982
96,777.2702,600,1,-91.7912,39.6067,423,0,0.3315,1,0.9979
97,618.6489,600,1,-92.6384,35.9982,423,0,0.1757,1,0.9966
98,998.7561,600,1,-93.0806,34.7707,423,0,0.2637,1,0.9972
99,940.8874,600,1,-93.6631,31.9351,423,0,0.2851,1,0.9987
100,956.4632,600,1,-94.4839,36.2196,496,0,0.2031,1,0.9975
101,8.5624,158,0,-94.3615,45.2365,496,57,0.7935,0,0.9969
102,731.6269,600,1,-94.5510,39.9355,496,0,0.1767,1,0.9977
103,923.0109,600,1,-94.8004,41.3851,496,0,0.2290,1,0.9987
104,2.6003,76,0,-95.0197,52.0454,496,100,0.8938,1,0.9960
105,15.9376,600,0,-95.2674,40.0231,496,95,0.3465,1,0.9897
106,17.0831,600,0,-95.5259,38.8112,496,79,0.2074,1,0.9913
107,881.6406,600,1,-96.0246,37.9703,496,0,0.2620,1,0.9982
108,906.6168,600,1,-96.5418,36.4208,496,0,0.2857,1,0.9982
109,1002.8933,600,1,-96.5981,37.1715,496,0,0.3226,1,0.9982
110,923.8922,600,1,-96.8813,33.5214,496,0,0.3063,1,0.9982
111,1021.8446,600,1,-97.2419,38.9336,496,0,0.2466,1,0.9968
112,584.0756,600,1,-97.9555,35.1114,496,0,0.3465,1,0.9984
113,17.3686,600,0,-98.5427,40.0546,496,93,0.3995,1,0.9970
114,793.1527,600,1,-98.5711,38.9644,496,0,0.1894,1,0.9934
115,6.4246,230,0,-99.0289,42.0867,496,97,0.6947,1,0.9953
116,852.0378,600,1,-99.4037,35.7455,496,0,0.4273,1,0.9978
117,884.8879,600,1,-99.7052,36.0883,496,0,0.2831,1,0.9989
118,12.0734,135,0,-100.0009,32.5162,496,4,0.8221,0,0.9973
119,915.9841,600,1,-100.0530,46.6348,496,0,0.2193,1,0.9982
120,667.2159,600,1,-100.6339,36.8501,496,0,0.4047,1,0.9970
121,929.0525,600,1,-101.0546,42.3626,496,0,0.3458,1,0.9985
122,849.1007,600,1,-101.7964,41.5459,496,0,0.3228,1,0.9968
123,969.7819,600,1,-101.5972,41.2257,496,0,0.2493,1,0.9982
124,805.4356,600,1,-101.9570,39.4027,496,0,0.3099,1,0.9969
125,625.9421,600,1,-102.4618,39.5826,496,0,0.2276,1,0.9967
126,895.8180,600,1,-102.7286,40.3697,496,0,0.3645,1,0.9967
127,869.5290,600,1,-103.5833,42.6411,496,0,0.2927,1,0.9986
128,2.8113,85,0,-103.8914,40.1221,496,133,0.8784,1,0.9966
129,727.2406,600,1,-103.9216,46.5797,496,0,0.3450,1,0.9977
130,1043.8872,600,1,-104.3928,42.9315,496,0,0.2916,1,0.9977
131,643.6497,600,1,-104.5629,44.5802,496,0,0.2229,1,0.9985
132,10.7274,194,0,-104.6949,43.1704,496,37,0.7187,0,0.9970
133,5.2263,72,0,-106.1490,36.8516,496,93,0.8937,0,0.9981
134,764.5736,600,1,-105.0266,43.8288,496,0,0.2269,1,0.9969
135,940.9085,600,1,-105.2560,43.1687,496,0,0.2336,1,0.9980
136,226.8769,600,1,-105.2826,41.9860,496,0,0.3314,1,0.9948
137,8.7717,124,0,-105.0609,45.1599,496,68,0.8274,0,0.9985
138,310.9487,600,1,-105.4839,38.6015,496,0,0.2939,1,0.9976
139,572.4565,600,1,-105.6267,40.3451,496,0,0.5162,1,0.9966
140,997.0817,600,1,-105.5602,43.6314,496,0,0.4320,1,0.9970
141,971.8010,600,1,-106.2780,39.7475,496,0,0.3050,1,0.9962
142,290.8120,600,1,-106.3106,40.9641,496,0,0.1709,1,0.9972
143,940.9873,600,1,-106.6661,39.9216,496,0,0.3642,1,0.9985
144,927.2876,600,1,-106.5149,42.9802,496,0,0.1660,1,0.9983
145,8.2566,275,0,-106.6411,42.7696,496,70,0.6190,1,0.9969
146,725.9979,600,1,-106.8819,39.2053,496,0,0.2123,1,0.9977
147,920.5969,600,1,-107.0213,39.6293,496,0,0.3372,1,0.9984
148,948.3692,600,1,-107.2836,40.0435,496,0,0.2941,1,0.9988
149,436.1075,600,1,-107.5808,36.8906,496,0,0.2867,1,0.9960
150,662.3311,600,1,-107.3187,38.9513,496,0,0.2712,1,0.9974
151,715.3650,600,1,-107.6336,38.6315,496,0,0.2455,1,0.9979
152,917.8392,600,1,-107.6686,38.7951,496,0,0.3149,1,0.9985
153,10.5770,217,0,-107.7893,32.5410,496,70,0.7156,1,0.9976
154,981.7082,600,1,-108.2217,44.1035,496,0,0.3425,1,0.9984
155,869.0490,600,1,-107.8939,40.8383,496,0,0.2565,1,0.9981
156,960.9781,600,1,-107.8756,38.8971,496,0,0.2372,1,0.9979
157,943.5945,600,1,-108.4314,43.5206,496,0,0.1833,1,0.9983
158,981.0380,600,1,-108.6256,38.7180,496,0,0.3365,1,0.9977
159,773.6639,600,1,-108.5928,39.4846,496,0,0.2880,1,0.9985
160,849.2783,600,1,-108.5578,42.2109,496,0,0.3523,1,0.9983
161,885.4848,600,1,-108.9431,41.1294,496,0,0.3587,1,0.9981
162,614.9193,600,1,-109.0199,41.9845,496,0,0.3074,1,0.9990
163,10.7215,136,0,-108.6317,33.5310,496,41,0.8042,0,0.9978
164,6.0826,188,0,-109.5361,32.3079,496,80,0.7637,1,0.9937
165,47.1329,600,1,-109.1072,37.5195,496,0,0.3488,1,0.9922
166,709.0277,600,1,-109.1298,39.4727,496,0,0.3333,1,0.9979
167,11.3326,126,0,-109.2754,37.4725,496,12,0.8325,0,0.9976
168,17.0171,297,0,-109.0112,39.7908,496,16,0.6453,0,0.9969
169,867.0477,600,1,-109.3001,43.8107,496,0,0.3971,1,0.9991
170,8.0874,105,0,-108.2430,24.8836,496,71,0.8680,0,0.9984
171,902.5610,600,1,-109.1812,43.9562,496,0,0.3051,1,0.9973
172,995.6115,600,1,-109.2210,37.2098,496,0,0.4014,1,0.9990
173,8.5722,158,0,-109.9484,36.9109,496,72,0.7887,0,0.9970
174,924.8551,600,1,-109.4824,42.7160,496,0,0.3621,1,0.9989
175,886.2621,600,1,-109.5855,44.2493,496,0,0.3353,1,0.9982
176,833.4146,600,1,-109.2121,41.4242,496,0,0.2671,1,0.9989
177,961.2652,600,1,-109.4616,41.3975,496,0,0.3450,1,0.9972
178,13.9215,600,0,-109.2865,43.9086,496,113,0.3631,1,0.9843
179,461.2561,600,1,-109.8773,40.2142,496,0,0.2035,1,0.9967
180,905.3548,600,1,-109.2843,42.1661,496,0,0.2621,1,0.9983
181,919.6740,600,1,-109.2112,41.8473,496,0,0.2528,1,0.9986
182,564.9201,600,1,-109.0284,42.1559,496,0,0.4382,1,0.9976
183,858.2311,600,1,-109.1271,39.9685,496,0,0.2426,1,0.9984
184,18.2494,600,0,-108.7224,40.2815,496,68,0.2477,1,0.9898
185,875.2258,600,1,-108.6936,39.8781,496,0,0.4159,1,0.9988
186,594.1452,600,1,-109.3067,37.2602,496,0,0.3528,1,0.9985
187,504.6054,600,1,-108.8489,40.9608,496,0,0.2982,1,0.9962
188,971.4051,600,1,-109.0637,42.0801,496,0,0.2792,1,0.9968
189,15.0765,456,0,-109.0007,39.2514,496,54,0.4585,1,0.9964
190,9.8395,180,0,-108.9888,42.9021,496,64,0.7788,0,0.9963
191,872.5532,600,1,-108.7500,44.3281,496,0,0.3082,1,0.9976
192,979.6176,600,1,-108.8115,40.8309,496,0,0.3031,1,0.9985
193,818.2117,600,1,-108.4980,40.9034,496,0,0.3419,1,0.9984
194,874.0275,600,1,-108.6205,40.9360,496,0,0.2666,1,0.9930
195,878.0503,600,1,-108.2537,42.7577,496,0,0.3075,1,0.9981
196,846.1986,600,1,-108.6458,41.8276,496,0,0.2550,1,0.9988
197,713.8206,600,1,-108.5575,37.7008,496,0,0.5085,1,0.9973
198,991.3340,600,1,-108.2400,38.9228,496,0,0.3762,1,0.9984
199,917.7906,600,1,-108.3786,39.0974,496,0,0.2030,1,0.9982
200,956.0040,600,1,-108.2775,43.0352,589,0,0.4300,1,0.9988
201,8.0822,272,0,-108.9371,46.7480,589,72,0.6538,1,0.9953
202,205.6830,600,1,-108.3363,37.1750,589,0,0.3275,1,0.9968
203,942.0101,600,1,-108.1386,37.8452,589,0,0.2997,1,0.9972
204,18.1772,600,0,-108.3344,39.1711,589,76,0.3439,1,0.9958
205,1014.5096,600,1,-108.3839,37.1148,589,0,0.5054,1,0.9974
206,2.7350,81,0,-109.4147,47.0556,589,136,0.8877,1,0.9964
207,914.6163,600,1,-108.3192,42.2949,589,0,0.3626,1,0.9969
208,944.3230,600,1,-108.2734,40.3296,589,0,0.2656,1,0.9986
209,1012.4762,600,1,-107.8884,38.9360,589,0,0.2211,1,0.9992
210,818.4661,600,1,-108.0949,38.9351,589,0,0.1867,1,0.9981
211,944.4654,600,1,-107.8891,35.8108,589,0,0.2998,1,0.9987
212,965.6591,600,1,-107.8741,43.3840,589,0,0.3948,1,0.9973
213,10.9799,108,0,-107.0086,29.7658,589,26,0.8590,0,0.9984
214,238.4286,600,1,-107.6739,35.7143,589,0,0.4507,1,0.9924
215,959.4079,600,1,-107.4851,39.2589,589,0,0.3411,1,0.9983
216,17.5238,600,0,-107.6481,40.6073,589,58,0.2955,1,0.9912
217,854.8552,600,1,-107.4824,36.6199,589,0,0.3366,1,0.9978
218,950.1022,600,1,-107.8293,37.4915,589,0,0.3854,1,0.9980
219,968.7562,600,1,-107.5152,34.5685,589,0,0.3553,1,0.9992
220,857.7630,600,1,-107.6424,37.5944,589,0,0.2016,1,0.9990
221,839.4578,600,1,-107.6576,39.4320,589,0,0.3780,1,0.9985
222,900.6569,600,1,-107.8681,33.9054,589,0,0.4451,1,0.9985
223,876.4442,600,1,-107.6966,37.2999,589,0,0.3188,1,0.9989
224,774.8940,600,1,-108.3627,39.3885,589,0,0.3510,1,0.9972
225,848.6403,600,1,-108.4199,36.3664,589,0,0.3636,1,0.9989
226,882.5936,600,1,-108.4749,33.2686,589,0,0.3557,1,0.9994
227,327.5214,600,1,-108.5723,36.0672,589,0,0.4059,1,0.9971
228,822.8436,600,1,-108.6802,33.4052,589,0,0.5142,1,0.9985
229,925.3830,600,1,-108.5117,37.8032,589,0,0.4824,1,0.9993
230,899.0284,600,1,-108.5993,41.1796,589,0,0.4247,1,0.9988
231,948.9812,600,1,-108.6299,34.3295,589,0,0.4881,1,0.9991
232,1009.6533,600,1,-108.3720,34.7192,589,0,0.2867,1,0.9984
233,994.1471,600,1,-108.1072,37.1258,589,0,0.3338,1,0.9971
234,751.0421,600,1,-108.8679,31.4699,589,0,0.3765,1,0.9981
235,649.6223,600,1,-108.5974,30.9870,589,0,0.4184,1,0.9989
236,10.5051,192,0,-109.0713,37.2236,589,23,0.7324,0,0.9971
237,697.6322,600,1,-108.3426,35.0598,589,0,0.3224,1,0.9973
238,309.3111,600,1,-108.3175,37.4407,589,0,0.3824,1,0.9967
239,982.3117,600,1,-107.6627,33.5187,589,0,0.3010,1,0.9981
240,950.6135,600,1,-108.2532,29.5830,589,0,0.2707,1,0.9987
241,889.5052,600,1,-108.1053,27.4269,589,0,0.2763,1,0.9990
242,11.9575,132,0,-108.1609,35.3426,589,18,0.8118,0,0.9980
243,458.3979,600,1,-108.1966,34.0454,589,0,0.3859,1,0.9968
244,972.4226,600,1,-107.7730,34.4957,589,0,0.4496,1,0.9982
245,935.8724,600,1,-107.6675,34.9282,589,0,0.2760,1,0.9994
246,751.4876,600,1,-107.3873,33.5830,589,0,0.3632,1,0.9966
247,956.7333,600,1,-107.5140,33.8428,589,0,0.2913,1,0.9957
248,808.6693,600,1,-107.7776,32.7479,589,0,0.4050,1,0.9979
249,969.6476,600,1,-107.3739,34.7664,589,0,0.3390,1,0.9985
250,12.3875,136,0,-107.4362,34.8049,589,23,0.8126,0,0.9976
251,17.1906,600,0,-107.1859,29.9486,589,80,0.4011,1,0.9905
252,352.3354,600,1,-107.0929,31.5911,589,0,0.2216,1,0.9980
253,952.3035,600,1,-106.7138,30.0571,589,0,0.2830,1,0.9982
254,820.8309,600,1,-106.8293,35.4213,589,0,0.3096,1,0.9982
255,1002.3986,600,1,-106.8263,31.4499,589,0,0.3452,1,0.9963
256,957.6400,600,1,-107.0429,26.0077,589,0,0.3407,1,0.9978
257,6.6919,239,0,-107.2769,23.3970,589,98,0.6560,1,0.9940
258,920.3143,600,1,-106.6633,28.8288,589,0,0.2439,1,0.9946
259,9.6864,218,0,-106.3815,33.6563,589,58,0.6963,1,0.9983
260,7.6881,255,0,-106.5652,26.9955,589,75,0.6348,1,0.9959
261,772.1614,600,1,-106.1286,28.1363,589,0,0.1580,1,0.9970
262,683.6579,600,1,-106.3978,33.8468,589,0,0.5270,1,0.9974
263,893.8420,600,1,-106.3849,28.3922,589,0,0.3077,1,0.9984
264,20.8407,600,0,-106.5774,31.7903,589,17,0.2912,1,0.9962
265,902.9359,600,1,-105.8711,29.8302,589,0,0.3877,1,0.9979
266,904.3533,600,1,-106.2111,33.7724,589,0,0.3458,1,0.9983
267,1015.3814,600,1,-106.0702,26.0565,589,0,0.3666,1,0.9989
268,500.9412,600,1,-105.8523,26.6309,589,0,0.3683,1,0.9993
269,941.7974,600,1,-105.5170,28.4150,589,0,0.3327,1,0.9934
270,938.3913,600,1,-105.4998,29.5426,589,0,0.3164,1,0.9975
271,985.9784,600,1,-105.4035,28.1881,589,0,0.3098,1,0.9970
272,954.8973,600,1,-105.3121,25.9386,589,0,0.3056,1,0.9957
273,938.1757,600,1,-105.7462,29.2503,589,0,0.3691,1,0.9985
274,15.7897,600,0,-105.7780,29.4557,589,61,0.4252,1,0.9975
275,846.2328,600,1,-105.8501,27.7217,589,0,0.3058,1,0.9986
276,373.9393,600,1,-105.4678,25.8980,589,0,0.3552,1,0.9989
277,941.5102,600,1,-105.5403,28.5340,589,0,0.2116,1,0.9973
278,586.9019,600,1,-105.3795,29.4690,589,0,0.3399,1,0.9973
279,873.6260,600,1,-105.1200,24.9669,589,0,0.2085,1,0.9982
280,846.2751,600,1,-105.1510,29.6141,589,0,0.2372,1,0.9978
281,722.3111,600,1,-104.5152,25.5810,589,0,0.2085,1,0.9972
282,940.5806,600,1,-104.3444,27.5322,589,0,0.3101,1,0.9987
283,613.3532,600,1,-104.8413,26.8681,589,0,0.2674,1,0.9971
284,864.7646,600,1,-104.8283,26.4739,589,0,0.3178,1,0.9981
285,828.9259,600,1,-105.2636,22.9758,589,0,0.3034,1,0.9967
286,913.7090,600,1,-104.4037,30.1628,589,0,0.2304,1,0.9974
287,968.6090,600,1,-104.6508,25.8746,589,0,0.2834,1,0.9978
288,913.4971,600,1,-105.1505,24.8001,589,0,0.3302,1,0.9931
289,707.1142,600,1,-105.1733,24.0197,589,0,0.3322,1,0.9976
290,653.1254,600,1,-105.6019,24.6323,589,0,0.3601,1,0.9988
291,1017.5173,600,1,-105.3615,27.5205,589,0,0.3579,1,0.9987
292,942.9173,600,1,-105.0160,24.9555,589,0,0.2688,1,0.9965
293,1043.3608,600,1,-105.2162,24.2798,589,0,0.2865,1,0.9959
294,16.2381,226,0,-105.6070,24.8466,589,14,0.6796,0,0.9981
295,995.7171,600,1,-105.2002,26.6079,589,0,0.3051,1,0.9991
296,17.3139,600,0,-105.0951,25.9276,589,64,0.2962,1,0.9914
297,932.2340,600,1,-105.2035,24.9426,589,0,0.3107,1,0.9987
298,856.4820,600,1,-105.4704,26.5059,589,0,0.1680,1,0.9977
299,876.9007,600,1,-105.0926,28.0269,589,0,0.2987,1,0.9978
300,784.5715,600,1,-105.3682,28.1684,535,0,0.3279,1,0.9985
301,6.2949,141,0,-105.3315,22.2756,535,68,0.7994,0,0.9985
302,1007.0410,600,1,-104.7136,24.6676,535,0,0.2178,1,0.9985
303,912.7345,600,1,-104.8996,27.5547,535,0,0.2173,1,0.9977
304,7.1585,173,0,-104.5903,24.0790,535,49,0.7508,0,0.9976
305,2.9311,63,0,-105.0870,20.9690,535,88,0.9083,0,0.9991
306,885.8690,600,1,-104.5519,28.1193,535,0,0.1923,1,0.9978
307,11.7759,119,0,-104.4719,22.2191,535,22,0.8153,0,0.9983
308,712.8598,600,1,-104.5690,24.0010,535,0,0.1426,1,0.9963
309,859.4711,600,1,-103.9339,23.8707,535,0,0.2520,1,0.9985
310,641.0843,600,1,-104.1808,23.3256,535,0,0.2355,1,0.9980
311,960.9078,600,1,-104.3721,26.3332,535,0,0.2901,1,0.9985
312,979.1775,600,1,-104.3193,25.3544,535,0,0.3716,1,0.9985
313,1026.5778,600,1,-104.0716,25.4169,535,0,0.2802,1,0.9956
314,4.6022,146,0,-104.5545,22.3456,535,102,0.7819,1,0.9947
315,743.8521,600,1,-103.8771,26.5647,535,0,0.4327,1,0.9995
316,11.6384,165,0,-103.2685,31.7555,535,28,0.7611,0,0.9985
317,835.1688,600,1,-103.9943,29.2610,535,0,0.1948,1,0.9986
318,1039.9732,600,1,-103.5142,24.5537,535,0,0.3279,1,0.9986
319,986.5719,600,1,-103.8399,23.6255,535,0,0.2111,1,0.9985
320,892.3578,600,1,-104.0907,22.0953,535,0,0.3371,1,0.9982
321,890.6065,600,1,-103.5521,22.3359,535,0,0.2864,1,0.9881
322,764.9516,600,1,-103.7242,22.3036,535,0,0.3403,1,0.9982
323,986.6681,600,1,-104.3121,26.6092,535,0,0.3113,1,0.9974
324,973.0773,600,1,-104.2820,23.4317,535,0,0.2496,1,0.9937
325,890.7470,600,1,-103.9633,24.7132,535,0,0.2366,1,0.9985
326,925.2361,600,1,-103.6444,24.4031,535,0,0.1800,1,0.9982
327,989.6727,600,1,-103.5244,22.7822,535,0,0.2110,1,0.9965
328,840.3168,600,1,-103.3101,20.6055,535,0,0.2918,1,0.9977
329,21.5182,600,0,-103.3092,21.8950,535,3,0.3547,1,0.9971
330,578.6858,600,1,-103.6671,24.7765,535,0,0.2384,1,0.9974
331,733.8771,600,1,-103.3336,21.5153,535,0,0.1937,1,0.9970
332,5.2052,170,0,-103.5982,23.2794,535,92,0.7663,1,0.9938
333,902.5908,600,1,-102.9996,23.1497,535,0,0.2542,1,0.9986
334,662.7949,600,1,-102.9382,21.3248,535,0,0.2479,1,0.9968
335,572.5936,600,1,-102.7106,22.2994,535,0,0.1733,1,0.9964
336,823.7439,600,1,-102.5484,23.0031,535,0,0.2843,1,0.9984
337,16.0649,190,0,-102.8265,20.3882,535,2,0.7577,0,0.9973
338,862.7220,600,1,-102.7350,23.2447,535,0,0.2143,1,0.9983
339,892.3461,600,1,-102.6668,23.6918,535,0,0.2537,1,0.9985
340,14.9218,600,0,-102.4377,20.9670,535,111,0.4337,1,0.9960
341,9.6429,123,0,-102.3373,22.3716,535,57,0.8377,0,0.9980
342,913.2303,600,1,-102.5189,21.3211,535,0,0.1797,1,0.9981
343,888.2245,600,1,-102.0334,20.8753,535,0,0.2020,1,0.9939
344,17.2443,600,0,-102.1964,20.7060,535,38,0.2478,1,0.9851
345,17.8440,600,0,-102.1446,24.8463,535,72,0.3266,1,0.9946
346,935.4831,600,1,-101.9689,23.3608,535,0,0.2339,1,0.9973
347,530.8856,600,1,-101.5744,21.1204,535,0,0.2685,1,0.9962
348,883.5047,600,1,-101.6490,22.2561,535,0,0.2689,1,0.9979
349,986.0338,600,1,-101.6059,23.2470,535,0,0.3295,1,0.9976
350,998.7805,600,1,-101.4690,23.3093,535,0,0.3890,1,0.9942
351,955.6673,600,1,-101.5761,23.1214,535,0,0.2345,1,0.9965
352,965.9158,600,1,-101.8502,23.4607,535,0,0.2884,1,0.9983
353,928.2529,600,1,-101.6753,22.3113,535,0,0.1528,1,0.9982
354,637.0701,600,1,-101.3041,21.6377,535,0,0.2918,1,0.9978
355,13.7260,158,0,-101.2333,28.0962,535,11,0.7675,0,0.9978
356,16.2888,285,0,-101.0740,23.4363,535,24,0.6292,0,0.9969
357,1014.2640,600,1,-100.9370,21.6290,535,0,0.3033,1,0.9971
358,12.4819,130,0,-100.9239,21.1967,535,17,0.8365,0,0.9987
359,936.3882,600,1,-100.9925,24.2158,535,0,0.2532,1,0.9987
360,17.3870,600,0,-100.6733,22.7803,535,57,0.4637,1,0.9931
361,863.2107,600,1,-100.9540,23.2970,535,0,0.2129,1,0.9955
362,910.6454,600,1,-100.7487,21.1087,535,0,0.1804,1,0.9981
363,978.1898,600,1,-101.0902,22.7731,535,0,0.2905,1,0.9976
364,20.8548,600,0,-101.1350,25.5974,535,48,0.2084,1,0.9944
365,12.3265,140,0,-100.3966,25.4065,535,22,0.8247,0,0.9979
366,955.1707,600,1,-100.9328,24.4293,535,0,0.1599,1,0.9979
367,629.3913,600,1,-100.8867,24.1942,535,0,0.2260,1,0.9968
368,1005.7166,600,1,-100.8418,21.9140,535,0,0.1737,1,0.9977
369,898.6534,600,1,-100.7424,21.1500,535,0,0.2415,1,0.9979
370,6.7472,128,0,-100.3175,18.3249,535,80,0.8255,0,0.9967
371,1007.1124,600,1,-100.3667,20.7125,535,0,0.3210,1,0.9950
372,907.3934,600,1,-100.3947,24.6878,535,0,0.3017,1,0.9984
373,7.8873,174,0,-100.0868,18.2212,535,42,0.7573,0,0.9973
374,950.6352,600,1,-100.6572,23.6779,535,0,0.2584,1,0.9980
375,812.0331,600,1,-100.4508,22.8895,535,0,0.1925,1,0.9987
376,553.3088,600,1,-100.0765,22.8304,535,0,0.5048,1,0.9977
377,644.9357,600,1,-100.2370,24.3898,535,0,0.2005,1,0.9976
378,6.9533,236,0,-100.1659,25.7642,535,88,0.6994,1,0.9942
379,949.1613,600,1,-99.9512,22.9090,535,0,0.2728,1,0.9977
380,7.2569,149,0,-100.5722,19.8616,535,92,0.7973,1,0.9982
381,1036.6269,600,1,-100.3625,25.0919,535,0,0.1828,1,0.9986
382,885.0379,600,1,-99.7703,23.8568,535,0,0.1901,1,0.9989
383,814.4214,600,1,-99.6435,21.9772,535,0,0.2019,1,0.9945
384,17.0632,600,0,-99.7259,21.2392,535,68,0.3504,1,0.9930
385,852.7460,600,1,-99.9845,21.9296,535,0,0.2653,1,0.9932
386,22.1057,600,0,-99.8543,23.7945,535,29,0.3110,1,0.9972
387,945.1979,600,1,-99.6595,23.4648,535,0,0.2675,1,0.9896
388,170.6376,600,1,-99.7316,23.1731,535,0,0.2745,1,0.9964
389,10.8325,120,0,-100.1460,23.0104,535,17,0.8266,0,0.9982
390,927.2650,600,1,-99.6285,20.8833,535,0,0.2477,1,0.9985
391,1023.5393,600,1,-99.9584,19.5980,535,0,0.1898,1,0.9982
392,916.3814,600,1,-99.8757,22.7826,535,0,0.2854,1,0.9981
393,17.1516,600,0,-100.1691,22.2689,535,39,0.2540,1,0.9833
394,739.0641,600,1,-100.2939,20.5103,535,0,0.2796,1,0.9968
395,933.3949,600,1,-100.2872,23.7458,535,0,0.1468,1,0.9979
396,16.5307,183,0,-99.8732,23.3464,535,4,0.7265,0,0.9984
397,866.3482,600,1,-99.9436,22.0621,535,0,0.1600,1,0.9976
398,74.9311,600,1,-100.1969,21.8068,535,0,0.1992,1,0.9952
399,1045.7172,600,1,-99.8594,25.0949,535,0,0.2560,1,0.9957
400,5.9931,200,0,-100.4136,18.4967,561,92,0.7214,1,0.9945
401,10.0416,128,0,-100.9760,26.5017,561,39,0.8246,0,0.9979
402,23.9746,600,0,-100.0130,23.2025,561,8,0.2242,1,0.9966
403,937.0964,600,1,-100.1878,21.0084,561,0,0.2198,1,0.9977
404,888.0724,600,1,-100.0849,22.1433,561,0,0.2277,1,0.9959
405,773.0907,600,1,-100.2250,21.4100,561,0,0.3007,1,0.9947
406,975.2594,600,1,-99.9599,22.7391,561,0,0.1977,1,0.9983
407,5.4854,107,0,-99.5829,15.9234,561,66,0.8386,0,0.9969
408,989.7648,600,1,-99.8971,21.5188,561,0,0.4203,1,0.9946
409,14.0197,150,0,-99.8282,18.4131,561,10,0.7772,0,0.9980
410,577.4442,600,1,-99.8676,26.4207,561,0,0.1854,1,0.9966
411,954.6479,600,1,-99.4778,20.2804,561,0,0.2800,1,0.9979
412,710.1965,600,1,-99.3800,22.6703,561,0,0.3126,1,0.9973
413,15.9288,196,0,-100.0710,21.3737,561,9,0.7335,0,0.9982
414,944.2228,600,1,-98.7594,22.7272,561,0,0.2203,1,0.9977
415,926.1252,600,1,-99.3332,22.2133,561,0,0.2298,1,0.9976
416,4.5723,92,0,-100.0432,20.2280,561,97,0.8681,0,0.9967
417,11.8679,166,0,-99.0847,24.6023,561,17,0.7508,0,0.9986
418,831.7847,600,1,-99.0365,21.6191,561,0,0.1652,1,0.9981
419,7.0733,237,0,-98.4979,27.6209,561,108,0.6681,1,0.9951
420,838.6864,600,1,-98.7478,24.7009,561,0,0.1120,1,0.9975
421,922.2659,600,1,-98.6657,20.7876,561,0,0.2540,1,0.9987
422,762.2760,600,1,-98.5231,23.1470,561,0,0.3374,1,0.9979
423,53.2611,600,1,-98.4379,23.2089,561,0,0.2400,1,0.9954
424,961.3555,600,1,-98.4694,19.9358,561,0,0.3306,1,0.9951
425,11.8417,131,0,-98.8026,19.3314,561,36,0.7959,0,0.9969
426,913.9117,600,1,-97.9991,19.7949,561,0,0.2446,1,0.9894
427,11.4428,205,0,-98.4536,22.4688,561,13,0.7089,0,0.9963
428,17.5106,600,0,-97.9425,21.2641,561,57,0.2267,1,0.9904
429,583.0536,600,1,-98.1825,20.1243,561,0,0.1919,1,0.9961
430,996.3797,600,1,-97.8963,20.9635,561,0,0.1216,1,0.9989
431,982.7692,600,1,-97.6854,21.0426,561,0,0.2002,1,0.9943
432,14.6848,353,0,-97.4081,18.4342,561,21,0.5069,1,0.9975
433,21.6247,600,0,-97.7256,21.0941,561,2,0.1206,1,0.9920
434,635.0641,600,1,-97.5053,19.7498,561,0,0.2404,1,0.9982
435,11.4997,206,0,-97.1410,22.0386,561,21,0.7121,0,0.9966
436,723.6702,600,1,-97.5119,23.3361,561,0,0.2377,1,0.9969
437,11.2383,142,0,-96.7411,20.9161,561,24,0.7972,0,0.9979
438,667.1008,600,1,-96.8408,21.9481,561,0,0.2851,1,0.9967
439,938.5961,600,1,-96.3305,19.5650,561,0,0.1794,1,0.9976
440,18.1882,600,0,-96.0358,20.3951,561,47,0.2150,1,0.9915
441,945.0624,600,1,-96.2229,20.8508,561,0,0.1265,1,0.9975
442,13.6737,242,0,-95.6349,20.8738,561,43,0.6436,0,0.9960
443,978.6534,600,1,-95.7041,19.3260,561,0,0.1945,1,0.9978
444,710.0439,600,1,-95.1254,20.4427,561,0,0.1327,1,0.9970
445,750.3134,600,1,-94.9392,19.3694,561,0,0.2164,1,0.9967
446,13.3816,237,0,-94.8921,19.2525,561,18,0.6653,0,0.9968
447,972.0760,600,1,-94.7845,19.1233,561,0,0.2178,1,0.9981
448,735.5305,600,1,-94.4341,18.7211,561,0,0.2670,1,0.9931
449,755.7423,600,1,-94.5719,17.2985,561,0,0.2235,1,0.9972
450,857.3140,600,1,-94.3927,21.3362,561,0,0.2594,1,0.9975
451,8.9627,100,0,-94.4995,22.8308,561,50,0.8449,0,0.9977
452,708.9606,600,1,-94.6136,19.7621,561,0,0.1762,1,0.9960
453,768.4622,600,1,-94.4273,18.2296,561,0,0.2263,1,0.9975
454,924.6731,600,1,-94.6850,20.0459,561,0,0.2553,1,0.9981
455,871.8702,600,1,-94.8402,18.5047,561,0,0.1998,1,0.9986
456,982.6751,600,1,-94.7373,18.7890,561,0,0.1317,1,0.9983
457,895.1843,600,1,-94.6349,17.2954,561,0,0.1015,1,0.9979
458,644.9406,600,1,-94.3520,19.3339,561,0,0.1944,1,0.9965
459,916.5449,600,1,-93.9082,17.6654,561,0,0.1171,1,0.9914
460,16.6784,186,0,-93.5325,16.1562,561,1,0.7289,0,0.9984
461,836.6254,600,1,-93.5504,20.0097,561,0,0.2793,1,0.9981
462,922.5797,600,1,-93.7655,16.5574,561,0,0.2549,1,0.9978
463,944.1056,600,1,-93.8511,17.7454,561,0,0.1497,1,0.9958
464,575.0051,600,1,-93.8139,18.8335,561,0,0.2615,1,0.9965
465,924.8242,600,1,-93.7613,19.7999,561,0,0.1801,1,0.9976
466,972.2982,600,1,-93.6077,20.1951,561,0,0.0889,1,0.9983
467,982.1465,600,1,-93.7928,16.2682,561,0,0.1491,1,0.9970
468,987.6578,600,1,-93.5560,17.6917,561,0,0.2864,1,0.9933
469,624.7502,600,1,-93.7532,18.8436,561,0,0.1028,1,0.9923
470,755.6655,600,1,-93.3011,16.0346,561,0,0.1760,1,0.9981
471,11.9108,118,0,-94.3550,12.4345,561,30,0.8218,0,0.9983
472,209.4883,600,1,-93.4326,18.1719,561,0,0.2944,1,0.9954
473,728.0854,600,1,-93.3623,17.2944,561,0,0.4276,1,0.9944
474,10.4984,101,0,-93.9204,17.5441,561,38,0.8533,0,0.9981
475,17.0701,600,0,-93.1977,19.7937,561,72,0.2009,1,0.9929
476,338.0785,600,1,-93.7295,16.0797,561,0,0.2187,1,0.9942
477,989.6188,600,1,-92.9177,16.7751,561,0,0.2228,1,0.9973
478,608.9326,600,1,-93.1440,15.5760,561,0,0.1636,1,0.9970
479,586.4597,600,1,-93.0767,18.3756,561,0,0.1978,1,0.9967
480,859.4098,600,1,-92.6904,17.9855,561,0,0.1813,1,0.9979
481,886.8766,600,1,-93.2231,17.0668,561,0,0.1931,1,0.9980
482,12.1835,153,0,-92.9815,17.5007,561,26,0.7694,0,0.9978
483,923.3583,600,1,-92.9160,18.0375,561,0,0.2241,1,0.9986
484,914.4084,600,1,-92.6986,16.3635,561,0,0.2489,1,0.9985
485,883.8640,600,1,-92.8593,16.5247,561,0,0.1885,1,0.9973
486,952.7940,600,1,-92.4319,17.9504,561,0,0.2542,1,0.9953
487,960.2379,600,1,-92.7316,16.6074,561,0,0.2195,1,0.9957
488,703.9926,600,1,-92.2715,16.1567,561,0,0.1137,1,0.9968
489,12.2671,153,0,-92.1167,14.0318,561,15,0.7653,0,0.9986
490,699.3463,600,1,-92.2707,17.4215,561,0,0.3324,1,0.9985
491,856.5332,600,1,-91.8145,17.5265,561,0,0.2830,1,0.9991
492,31.5408,600,1,-92.0867,15.8559,561,0,0.1749,1,0.9952
493,630.0560,600,1,-92.0547,17.9396,561,0,0.3383,1,0.9989
494,923.1557,600,1,-92.3282,15.7877,561,0,0.0932,1,0.9947
495,792.5725,600,1,-91.9745,17.1696,561,0,0.1061,1,0.9980
496,22.0639,600,0,-91.5421,18.0494,561,39,0.2758,1,0.9959
497,14.9006,143,0,-91.6208,18.3878,561,10,0.7926,0,0.9983
498,854.6711,600,1,-91.4430,15.7630,561,0,0.2374,1,0.9970
499,940.3474,600,1,-91.9367,17.5055,561,0,0.2151,1,0.9983
500,617.3047,600,1,-91.9845,16.0471,528,0,0.3125,1,0.9976
501,9.3688,107,0,-91.3763,15.2632,528,46,0.8486,0,0.9983
502,689.6176,600,1,-91.6915,15.8796,528,0,0.3186,1,0.9973
503,14.0635,174,0,-92.1695,15.3135,528,14,0.7573,0,0.9981
504,7.0014,132,0,-91.6394,15.2106,528,54,0.7956,0,0.9960
505,986.3977,600,1,-91.6918,17.8052,528,0,0.1651,1,0.9981
506,929.4353,600,1,-91.6146,16.0632,528,0,0.1517,1,0.9979
507,613.1371,600,1,-91.3736,16.7435,528,0,0.2064,1,0.9972
508,22.1350,600,0,-91.1517,15.0842,528,34,0.2330,1,0.9956
509,999.5314,600,1,-91.0005,15.5214,528,0,0.1613,1,0.9976
510,998.8165,600,1,-91.0827,15.8265,528,0,0.2106,1,0.9964
511,6.4477,228,0,-90.7259,15.1018,528,91,0.7153,1,0.9958
512,18.5904,600,0,-90.9627,14.5426,528,30,0.2116,1,0.9887
513,905.7811,600,1,-91.3388,16.7385,528,0,0.1281,1,0.9982
514,953.1330,600,1,-91.1221,17.0826,528,0,0.2122,1,0.9958
515,720.6011,600,1,-91.3770,16.2165,528,0,0.3759,1,0.9970
516,773.8907,600,1,-91.3558,17.0327,528,0,0.2326,1,0.9962
517,1012.4257,600,1,-91.2675,15.3103,528,0,0.1219,1,0.9962
518,838.1730,600,1,-90.8576,15.0125,528,0,0.3700,1,0.9986
519,973.2034,600,1,-90.6991,16.5137,528,0,0.3261,1,0.9973
520,917.9754,600,1,-91.0281,16.3665,528,0,0.2288,1,0.9983
521,925.9853,600,1,-91.4460,17.7915,528,0,0.1351,1,0.9977
522,844.9393,600,1,-91.3366,17.6559,528,0,0.1900,1,0.9971
523,993.1143,600,1,-91.5207,16.8278,528,0,0.2397,1,0.9916
524,836.8083,600,1,-90.9454,15.5054,528,0,0.1983,1,0.9983
525,11.5596,207,0,-91.2409,16.6361,528,29,0.7032,0,0.9963
526,13.9653,249,0,-91.0515,18.6600,528,37,0.6209,0,0.9962
527,899.8456,600,1,-90.7574,17.9416,528,0,0.3205,1,0.9967
528,881.5220,600,1,-91.3706,23.5801,528,0,0.0850,1,0.9983
529,938.8577,600,1,-91.0476,58.1731,528,0,0.1899,1,0.9976
530,975.4480,600,1,-91.1876,27.1279,528,0,0.2430,1,0.9967
531,583.2681,600,1,-90.8277,18.3910,528,0,0.1436,1,0.9964
532,963.1302,600,1,-90.9268,22.9163,528,0,0.1816,1,0.9975
533,1033.3594,600,1,-90.7010,40.6098,528,0,0.1203,1,0.9975
534,14.5238,173,0,-90.7635,24.1471,528,21,0.7396,0,0.9985
535,11.7539,182,0,-90.3767,19.1777,528,35,0.7287,0,0.9984
536,1020.2095,600,1,-90.3270,21.8604,528,0,0.1780,1,0.9971
537,844.7172,600,1,-90.7414,20.0268,528,0,0.2717,1,0.9984
538,890.4447,600,1,-90.1961,25.8993,528,0,0.1759,1,0.9979
539,7.6747,144,0,-90.1860,28.5735,528,47,0.7879,0,0.9963
540,6.4172,144,0,-90.9343,59.5037,528,84,0.7898,0,0.9975
541,840.7248,600,1,-89.9696,26.7647,528,0,0.3529,1,0.9979
542,883.0040,600,1,-90.2119,24.1641,528,0,0.1978,1,0.9980
543,917.7199,600,1,-90.2649,24.6015,528,0,0.1158,1,0.9984
544,16.0314,166,0,-89.7254,37.0807,528,3,0.7584,0,0.9987
545,24.6069,600,0,-89.7260,27.2189,528,1,0.1696,0,0.9959
546,654.8115,600,1,-89.7869,27.4666,528,0,0.1565,1,0.9969
547,961.2940,600,1,-89.3355,19.1196,528,0,0.2838,1,0.9952
548,9.7399,177,0,-89.6688,20.3419,528,24,0.7312,0,0.9965
549,932.7606,600,1,-89.1053,25.1435,528,0,0.1379,1,0.9954
550,880.5125,600,1,-89.1152,27.3006,528,0,0.1390,1,0.9989
551,18.1158,600,0,-89.0024,26.5388,528,59,0.1876,1,0.9911
552,18.8545,600,0,-89.3025,20.6397,528,41,0.1612,1,0.9909
553,950.4398,600,1,-89.0811,26.9481,528,0,0.1858,1,0.9979
554,647.2061,600,1,-89.1462,21.9828,528,0,0.2236,1,0.9978
555,824.6388,600,1,-89.3083,21.1961,528,0,0.2753,1,0.9952
556,6.6534,208,0,-89.2267,18.6675,528,102,0.6749,1,0.9938
557,874.0226,600,1,-89.1376,22.1329,528,0,0.1042,1,0.9982
558,1021.5510,600,1,-88.7951,25.4667,528,0,0.2114,1,0.9961
559,11.0140,600,0,-88.6025,20.6047,528,103,0.4324,1,0.8191
560,757.7531,600,1,-88.7728,20.6354,528,0,0.2524,1,0.9968
561,841.0141,600,1,-88.6847,24.3115,528,0,0.1939,1,0.9979
562,19.3632,600,0,-88.8496,18.2229,528,58,0.2872,1,0.9915
563,865.5408,600,1,-89.3903,21.9590,528,0,0.1626,1,0.9979
564,873.1755,600,1,-89.0865,26.0857,528,0,0.1953,1,0.9935
565,542.6930,600,1,-89.0358,23.9328,528,0,0.1358,1,0.9943
566,950.7287,600,1,-89.1659,17.5508,528,0,0.0742,1,0.9979
567,993.0421,600,1,-88.8936,19.9729,528,0,0.1114,1,0.9986
568,870.0463,600,1,-89.1914,21.2002,528,0,0.1057,1,0.9985
569,12.5652,224,0,-88.7719,20.5781,528,25,0.6761,0,0.9976
570,21.6232,600,0,-88.7443,18.9257,528,2,0.1467,1,0.9944
571,635.9941,600,1,-88.5279,26.7053,528,0,0.2658,1,0.9956
572,900.3656,600,1,-88.4346,19.8840,528,0,0.1952,1,0.9976
573,949.0751,600,1,-88.4546,19.5284,528,0,0.1934,1,0.9984
574,940.2570,600,1,-88.3645,21.0019,528,0,0.1910,1,0.9927
575,601.9799,600,1,-88.1134,19.7268,528,0,0.2823,1,0.9971
576,926.2564,600,1,-88.2730,23.2296,528,0,0.2238,1,0.9976
577,1031.6300,600,1,-88.5998,19.1530,528,0,0.2707,1,0.9954
578,10.8103,119,0,-89.8402,16.8463,528,13,0.8214,0,0.9977
579,693.0001,600,1,-88.4062,18.6996,528,0,0.2018,1,0.9962
580,870.5545,600,1,-88.2540,20.0323,528,0,0.1665,1,0.9943
581,372.0301,600,1,-88.0623,17.5032,528,0,0.0883,1,0.9984
582,331.2775,600,1,-87.5948,19.9139,528,0,0.1873,1,0.9960
583,958.5704,600,1,-87.9830,21.8470,528,0,0.1726,1,0.9979
584,958.7559,600,1,-88.1642,20.0251,528,0,0.1589,1,0.9960
585,404.2273,600,1,-88.3762,17.3665,528,0,0.3033,1,0.9974
586,718.9246,600,1,-88.4651,23.4878,528,0,0.1682,1,0.9966
587,940.3873,600,1,-88.0350,23.1218,528,0,0.2129,1,0.9983
588,857.3796,600,1,-87.9492,17.1401,528,0,0.2070,1,0.9984
589,343.7453,600,1,-88.1374,15.9213,528,0,0.2145,1,0.9957
590,8.1072,196,0,-88.2056,17.2119,528,83,0.7047,0,0.9974
591,904.3972,600,1,-88.2944,17.7224,528,0,0.2011,1,0.9980
592,571.4066,600,1,-88.2794,18.4592,528,0,0.2707,1,0.9989
593,854.8866,600,1,-87.8555,23.5523,528,0,0.0934,1,0.9981
594,636.4806,600,1,-87.7526,16.5071,528,0,0.0832,1,0.9973
595,911.6699,600,1,-88.1867,17.7578,528,0,0.2100,1,0.9993
596,926.6434,600,1,-87.8644,16.9576,528,0,0.1364,1,0.9981
597,561.5061,600,1,-87.2525,18.4575,528,0,0.2120,1,0.9966
598,1005.3396,600,1,-87.7037,20.4024,528,0,0.1835,1,0.9967
599,1016.6637,600,1,-87.5872,15.3756,528,0,0.2748,1,0.9964
600,17.2562,301,0,-87.3154,17.3869,446,0,0.5717,0,0.9966
601,588.8481,600,1,-87.8666,18.8282,446,0,0.2085,1,0.9963
602,954.9045,600,1,-87.3478,17.5472,446,0,0.1897,1,0.9976
603,808.1306,600,1,-87.6689,17.5926,446,0,0.1451,1,0.9976
604,1018.8494,600,1,-87.7584,18.8378,446,0,0.2027,1,0.9986
605,962.4002,600,1,-87.9481,19.3482,446,0,0.1521,1,0.9976
606,913.2385,600,1,-87.0927,18.2572,446,0,0.1605,1,0.9966
607,955.2635,600,1,-87.6163,16.1690,446,0,0.1943,1,0.9957
608,20.0770,600,0,-87.9534,15.9148,446,40,0.3157,1,0.9961
609,906.0693,600,1,-88.0727,17.6371,446,0,0.0973,1,0.9968
610,850.5562,600,1,-88.1566,18.1072,446,0,0.1917,1,0.9991
611,802.8436,600,1,-87.7476,15.2972,446,0,0.2944,1,0.9984
612,826.8682,600,1,-87.6384,15.9816,446,0,0.1015,1,0.9979
613,880.1164,600,1,-87.7515,17.0819,446,0,0.2250,1,0.9978
614,435.3393,600,1,-87.9854,14.8800,446,0,0.1582,1,0.9968
615,9.0562,97,0,-88.3712,22.2612,446,32,0.8557,0,0.9985
616,5.8557,114,0,-88.3661,18.1938,446,82,0.8230,0,0.9967
617,912.8636,600,1,-87.6747,16.9944,446,0,0.1638,1,0.9984
618,939.9350,600,1,-87.3893,15.1728,446,0,0.1271,1,0.9963
619,15.3038,271,0,-87.6676,15.2384,446,19,0.6039,0,0.9968
620,963.2019,600,1,-87.8427,16.5877,446,0,0.1368,1,0.9969
621,859.8740,600,1,-87.7546,15.1825,446,0,0.2189,1,0.9971
622,943.0959,600,1,-88.2944,19.0330,446,0,0.1839,1,0.9978
623,11.9152,114,0,-88.2604,14.9942,446,31,0.8300,0,0.9979
624,906.4832,600,1,-88.1877,16.2564,446,0,0.1783,1,0.9977
625,945.2080,600,1,-88.0477,14.7540,446,0,0.1630,1,0.9977
626,44.0983,600,1,-88.5040,16.0779,446,0,0.1949,1,0.9945
627,941.1085,600,1,-89.0684,14.4101,446,0,0.2563,1,0.9976
628,967.8514,600,1,-88.8195,16.8107,446,0,0.1447,1,0.9964
629,18.3634,600,0,-89.4918,15.3824,446,59,0.1878,1,0.9794
630,921.5945,600,1,-89.7235,14.2402,446,0,0.1970,1,0.9982
631,886.0044,600,1,-89.7885,17.0325,446,0,0.1760,1,0.9975
632,819.9262,600,1,-89.9107,13.5115,446,0,0.1204,1,0.9978
633,926.3592,600,1,-89.9172,15.7234,446,0,0.2157,1,0.9983
634,9.7791,125,0,-89.3040,17.5502,446,32,0.8052,0,0.9977
635,935.8034,600,1,-89.7217,12.9286,446,0,0.1546,1,0.9955
636,659.4702,600,1,-90.0192,14.5883,446,0,0.2146,1,0.9975
637,12.2395,138,0,-90.3580,12.7186,446,27,0.7904,0,0.9973
638,911.5262,600,1,-89.6814,15.2670,446,0,0.1824,1,0.9968
639,962.3624,600,1,-89.5070,13.0984,446,0,0.3485,1,0.9985
640,18.5263,600,0,-89.7795,15.2810,446,37,0.1869,1,0.9743
641,1021.4499,600,1,-89.9137,14.9062,446,0,0.1301,1,0.9976
642,14.4661,146,0,-89.9933,18.7231,446,10,0.7662,0,0.9959
643,961.9033,600,1,-89.6376,14.2250,446,0,0.2023,1,0.9974
644,8.4181,282,0,-89.8011,14.9287,446,104,0.5942,1,0.9952
645,3.7941,118,0,-90.3825,15.8312,446,83,0.8261,1,0.9967
646,807.7058,600,1,-89.3642,16.9589,446,0,0.1155,1,0.9977
647,23.9132,600,0,-89.3069,15.8705,446,16,0.4040,1,0.9797
648,926.0416,600,1,-89.9159,14.5765,446,0,0.3810,1,0.9983
649,7.6159,250,0,-89.9267,19.2928,446,75,0.6438,1,0.9967
650,842.0376,600,1,-89.3760,14.6405,446,0,0.2067,1,0.9979
651,864.8767,600,1,-89.7392,18.3801,446,0,0.0797,1,0.9964
652,16.7080,292,0,-90.0494,14.5827,446,17,0.5490,0,0.9960
653,876.6177,600,1,-89.7545,15.2150,446,0,0.1411,1,0.9982
654,925.6448,600,1,-90.2870,14.1361,446,0,0.1145,1,0.9980
655,868.8974,600,1,-89.5930,16.9966,446,0,0.1885,1,0.9979
656,13.5521,242,0,-89.2657,16.6975,446,22,0.6544,0,0.9965
657,365.9815,600,1,-89.6897,14.7320,446,0,0.1865,1,0.9950
658,1004.4362,600,1,-89.4114,17.5685,446,0,0.2646,1,0.9984
659,644.6386,600,1,-89.8304,16.3125,446,0,0.1651,1,0.9971
660,1025.3985,600,1,-90.0714,21.1416,446,0,0.1519,1,0.9983
661,674.9390,600,1,-89.7918,16.9523,446,0,0.1024,1,0.9975
662,557.3232,600,1,-89.7432,14.7484,446,0,0.1682,1,0.9967
663,827.9179,600,1,-89.9010,15.4804,446,0,0.1753,1,0.9979
664,8.8591,164,0,-90.3271,14.1912,446,31,0.7599,0,0.9961
665,322.2369,600,1,-89.8595,16.3979,446,0,0.2231,1,0.9965
666,671.0489,600,1,-89.5925,15.0815,446,0,0.2099,1,0.9961
667,947.7839,600,1,-89.6829,14.4283,446,0,0.1868,1,0.9980
668,923.4325,600,1,-89.6373,16.8575,446,0,0.0919,1,0.9975
669,1028.7082,600,1,-89.8042,15.6788,446,0,0.2116,1,0.9973
670,1031.1740,600,1,-89.5665,18.2743,446,0,0.1181,1,0.9980
671,695.1454,600,1,-89.3282,12.6499,446,0,0.2843,1,0.9975
672,16.9347,600,0,-89.6578,14.0522,446,67,0.2495,1,0.9939
673,907.3394,600,1,-89.9417,15.6711,446,0,0.2069,1,0.9979
674,980.4350,600,1,-90.1578,17.8205,446,0,0.1584,1,0.9983
675,17.1658,600,0,-89.9818,14.9674,446,94,0.3013,1,0.9927
676,868.4688,600,1,-89.5745,15.1565,446,0,0.0745,1,0.9979
677,951.7368,600,1,-89.2335,15.6167,446,0,0.1164,1,0.9976
678,1021.3217,600,1,-89.5788,13.4409,446,0,0.2792,1,0.9969
679,846.2720,600,1,-89.5084,15.0890,446,0,0.2249,1,0.9981
680,4.9899,164,0,-89.3490,15.7777,446,101,0.7450,1,0.9957
681,876.3813,600,1,-89.0791,15.4902,446,0,0.1641,1,0.9963
682,799.1966,600,1,-89.5537,14.6853,446,0,0.1500,1,0.9975
683,768.9344,600,1,-89.3030,13.7686,446,0,0.1212,1,0.9930
684,982.9166,600,1,-89.2687,15.2384,446,0,0.1868,1,0.9973
685,867.8035,600,1,-89.5921,15.9942,446,0,0.1035,1,0.9981
686,947.1234,600,1,-89.6556,14.1131,446,0,0.3281,1,0.9910
687,10.9490,230,0,-90.1103,11.1674,446,32,0.6621,1,0.9972
688,959.3784,600,1,-89.8126,14.3776,446,0,0.3857,1,0.9962
689,14.3815,138,0,-89.9032,14.1819,446,0,0.7896,0,0.9980
690,849.0575,600,1,-89.2853,15.9530,446,0,0.1673,1,0.9983
691,976.3944,600,1,-89.1774,16.1678,446,0,0.1288,1,0.9971
692,6.9485,132,0,-89.6977,14.4315,446,52,0.7877,0,0.9965
693,763.3695,600,1,-89.8299,13.7715,446,0,0.2082,1,0.9966
694,11.0440,260,0,-89.9490,13.3284,446,81,0.6028,1,0.9972
695,922.6656,600,1,-89.6848,14.7432,446,0,0.2991,1,0.9919
696,771.1902,600,1,-89.9452,14.2283,446,0,0.3066,1,0.9982
697,577.8959,600,1,-89.5078,15.3957,446,0,0.1621,1,0.9983
698,18.3410,600,0,-89.4698,14.9511,446,52,0.1520,1,0.9899
699,887.0794,600,1,-89.6209,13.0772,446,0,0.1256,1,0.9986
700,751.5111,600,1,-89.9458,14.1886,546,0,0.3060,1,0.9967
701,550.2196,600,1,-90.2375,17.6989,546,0,0.2247,1,0.9969
702,6.3405,211,0,-89.6806,20.8484,546,110,0.6912,1,0.9954
703,766.0360,600,1,-89.9385,14.2865,546,0,0.1616,1,0.9965
704,692.8887,600,1,-90.0261,14.1907,546,0,0.1246,1,0.9968
705,894.0755,600,1,-89.6219,14.1474,546,0,0.3269,1,0.9940
706,5.2676,181,0,-89.9803,14.8612,546,98,0.7299,1,0.9947
707,597.8753,600,1,-89.9399,15.3676,546,0,0.1484,1,0.9980
708,953.5284,600,1,-90.0117,14.0118,546,0,0.0850,1,0.9986
709,17.7389,600,0,-89.4661,14.4303,546,77,0.1034,1,0.9763
710,866.3257,600,1,-89.3766,14.6802,546,0,0.1236,1,0.9981
711,810.2383,600,1,-89.4294,13.8702,546,0,0.3046,1,0.9948
712,5.9535,115,0,-90.0240,13.8302,546,81,0.8180,0,0.9964
713,896.8040,600,1,-89.1832,14.2495,546,0,0.1798,1,0.9968
714,897.2211,600,1,-89.4065,13.9144,546,0,0.1666,1,0.9979
715,824.6978,600,1,-89.6869,13.7251,546,0,0.1413,1,0.9977
716,902.4498,600,1,-89.6171,12.9800,546,0,0.1779,1,0.9980
717,867.1674,600,1,-89.7445,13.4901,546,0,0.1660,1,0.9977
718,1007.1281,600,1,-89.8450,13.1625,546,0,0.2482,1,0.9964
719,629.0562,600,1,-89.8857,12.3236,546,0,0.1817,1,0.9968
720,995.1896,600,1,-89.6824,13.2102,546,0,0.1869,1,0.9972
721,941.8148,600,1,-89.8658,11.9180,546,0,0.1205,1,0.9979
722,9.6480,176,0,-89.1953,17.1727,546,65,0.7228,0,0.9963
723,508.9773,600,1,-89.9780,12.9223,546,0,0.2529,1,0.9982
724,694.3785,600,1,-89.8956,13.5940,546,0,0.1729,1,0.9949
725,969.1682,600,1,-90.1679,12.4166,546,0,0.1976,1,0.9959
726,894.7049,600,1,-90.2701,11.4877,546,0,0.1559,1,0.9976
727,3.2159,101,0,-90.7654,8.8476,546,91,0.8454,1,0.9953
728,887.9046,600,1,-90.3829,12.3568,546,0,0.1672,1,0.9953
729,816.3907,600,1,-90.1387,12.2194,546,0,0.0914,1,0.9980
730,973.2809,600,1,-90.6252,13.3480,546,0,0.1629,1,0.9944
731,944.8328,600,1,-90.7067,13.2598,546,0,0.1416,1,0.9970
732,972.8363,600,1,-90.9906,11.0311,546,0,0.1126,1,0.9972
733,929.6357,600,1,-90.9116,12.3952,546,0,0.1146,1,0.9977
734,858.0406,600,1,-91.2225,13.5803,546,0,0.1207,1,0.9977
735,1011.9729,600,1,-91.1763,11.7502,546,0,0.1354,1,0.9940
736,882.9818,600,1,-90.8468,11.8774,546,0,0.2063,1,0.9949
737,500.1035,600,1,-91.7363,13.1135,546,0,0.1125,1,0.9971
738,13.9376,246,0,-91.3681,12.0127,546,4,0.6113,0,0.9972
739,938.3018,600,1,-91.4757,12.3729,546,0,0.2247,1,0.9980
740,823.8037,600,1,-91.5726,12.7399,546,0,0.1666,1,0.9980
741,734.2944,600,1,-91.9164,12.5465,546,0,0.3956,1,0.9944
742,926.0559,600,1,-91.8528,15.3543,546,0,0.1318,1,0.9967
743,812.9240,600,1,-92.2008,13.8145,546,0,0.1325,1,0.9973
744,908.6081,600,1,-92.1314,12.7403,546,0,0.0955,1,0.9979
745,750.9176,600,1,-92.0907,12.9895,546,0,0.2176,1,0.9982
746,658.8187,600,1,-92.1832,13.0995,546,0,0.1229,1,0.9961
747,860.1013,600,1,-92.1215,13.6512,546,0,0.0806,1,0.9978
748,909.2013,600,1,-92.1461,12.6577,546,0,0.0982,1,0.9982
749,941.9675,600,1,-92.0415,12.7318,546,0,0.2962,1,0.9971
750,880.5502,600,1,-92.1564,12.7185,546,0,0.1873,1,0.9952
751,567.8805,600,1,-92.4381,13.5211,546,0,0.1262,1,0.9972
752,13.5680,240,0,-92.2851,12.1316,546,27,0.6487,0,0.9968
753,944.0212,600,1,-92.7495,14.8336,546,0,0.1063,1,0.9948
754,16.1335,226,0,-92.8286,13.5467,546,4,0.6554,0,0.9979
755,900.7391,600,1,-92.8453,13.3513,546,0,0.2189,1,0.9983
756,17.5991,600,0,-93.1092,14.8691,546,49,0.1684,1,0.9926
757,906.6654,600,1,-92.8488,16.5996,546,0,0.1306,1,0.9984
758,738.4906,600,1,-92.9272,15.0390,546,0,0.1268,1,0.9963
759,628.6159,600,1,-92.9577,14.8122,546,0,0.0924,1,0.9970
760,935.9353,600,1,-92.8266,15.1749,546,0,0.0788,1,0.9985
761,619.1165,600,1,-92.8917,14.1294,546,0,0.1185,1,0.9966
762,462.2971,600,1,-92.6351,14.8276,546,0,0.1571,1,0.9964
763,15.9007,600,0,-92.4125,14.4632,546,69,0.2758,1,0.9891
764,853.2496,600,1,-91.9950,14.9100,546,0,0.0936,1,0.9979
765,955.1309,600,1,-92.1585,14.4316,546,0,0.1269,1,0.9979
766,12.2875,273,0,-91.6346,13.9009,546,26,0.5871,1,0.9974
767,176.0858,600,1,-92.1842,14.9398,546,0,0.1866,1,0.9948
768,899.1825,600,1,-92.4100,13.8314,546,0,0.2256,1,0.9963
769,920.3790,600,1,-92.1313,13.9889,546,0,0.1230,1,0.9984
770,836.6683,600,1,-92.1879,15.2139,546,0,0.2089,1,0.9980
771,685.0948,600,1,-92.0310,16.7783,546,0,0.0348,1,0.9961
772,859.6344,600,1,-92.0971,15.6394,546,0,0.1950,1,0.9977
773,9.6763,332,0,-92.3824,14.6154,546,83,0.4854,1,0.9928
774,827.9328,600,1,-92.1152,15.9042,546,0,0.1382,1,0.9981
775,850.4830,600,1,-91.7811,15.4395,546,0,0.1263,1,0.9977
776,836.5406,600,1,-91.5536,16.7543,546,0,0.0843,1,0.9942
777,726.9051,600,1,-92.2265,15.2616,546,0,0.1281,1,0.9976
778,880.8245,600,1,-92.1207,17.9146,546,0,0.2171,1,0.9977
779,867.4817,600,1,-91.9855,15.7631,546,0,0.2643,1,0.9959
780,936.6540,600,1,-92.2299,12.5368,546,0,0.1665,1,0.9977
781,590.4051,600,1,-92.7095,13.4861,546,0,0.2036,1,0.9965
782,797.6660,600,1,-92.2060,15.7524,546,0,0.2419,1,0.9947
783,659.2605,600,1,-92.2135,14.4873,546,0,0.2408,1,0.9965
784,9.2396,92,0,-92.1277,13.1033,546,27,0.8582,0,0.9979
785,7.2749,121,0,-91.2918,17.2689,546,87,0.8164,0,0.9983
786,732.6003,600,1,-92.1400,16.3186,546,0,0.1079,1,0.9967
787,681.5103,600,1,-92.0481,15.3330,546,0,0.1768,1,0.9964
788,961.4705,600,1,-92.4910,13.4159,546,0,0.1871,1,0.9956
789,971.4995,600,1,-92.0708,14.7298,546,0,0.1416,1,0.9958
790,688.9365,600,1,-92.2126,15.0318,546,0,0.1657,1,0.9968
791,857.5562,600,1,-91.7833,13.9067,546,0,0.0785,1,0.9979
792,6.4609,231,0,-91.6681,16.4409,546,113,0.6269,1,0.9955
793,11.4003,206,0,-91.3621,14.5856,546,58,0.6721,0,0.9966
794,991.5764,600,1,-91.1498,15.9591,546,0,0.1756,1,0.9977
795,13.4959,239,0,-90.9917,15.0346,546,18,0.6320,0,0.9969
796,839.9571,600,1,-90.4856,14.5112,546,0,0.1171,1,0.9982
797,1006.9377,600,1,-90.3993,14.9472,546,0,0.1784,1,0.9954
798,642.8458,600,1,-90.2893,15.3166,546,0,0.2276,1,0.9968
799,918.4222,600,1,-90.6691,14.6503,546,0,0.1366,1,0.9950
800,7.2104,245,0,-89.8636,12.9489,484,114,0.6251,1,0.9952
801,742.7603,600,1,-90.0041,13.8003,484,0,0.1302,1,0.9962
802,5.3283,172,0,-89.8433,11.0552,484,80,0.7243,1,0.9953
803,552.6771,600,1,-89.4905,15.5080,484,0,0.1230,1,0.9962
804,964.4749,600,1,-89.1653,12.9992,484,0,0.1574,1,0.9963
805,5.1592,118,0,-88.8709,11.4229,484,97,0.8250,0,0.9974
806,982.0720,600,1,-88.8920,13.6580,484,0,0.1819,1,0.9965
807,1006.1221,600,1,-88.9431,12.9564,484,0,0.1873,1,0.9973
808,815.6639,600,1,-88.7961,14.1792,484,0,0.2474,1,0.9977
809,934.8399,600,1,-88.9107,14.9685,484,0,0.2771,1,0.9979
810,994.2750,600,1,-89.1180,13.7494,484,0,0.1414,1,0.9933
811,666.0682,600,1,-88.9446,12.7215,484,0,0.2253,1,0.9968
812,12.9488,199,0,-88.9059,12.5165,484,42,0.6937,0,0.9986
813,882.3901,600,1,-88.7651,15.2148,484,0,0.1119,1,0.9977
814,862.4502,600,1,-88.6521,12.6668,484,0,0.1956,1,0.9977
815,858.6007,600,1,-88.7357,13.1394,484,0,0.1741,1,0.9981
816,814.4551,600,1,-88.3462,14.5095,484,0,0.1611,1,0.9949
817,828.4731,600,1,-87.8810,13.5872,484,0,0.1412,1,0.9949
818,986.6274,600,1,-88.1898,12.7896,484,0,0.2706,1,0.9938
819,1020.2247,600,1,-88.4003,12.8792,484,0,0.0653,1,0.9989
820,891.2865,600,1,-87.5343,12.9755,484,0,0.0542,1,0.9983
821,269.1037,600,1,-87.9837,12.2627,484,0,0.2056,1,0.9960
822,770.8114,600,1,-88.3446,13.1009,484,0,0.1016,1,0.9962
823,897.3458,600,1,-88.6219,12.2039,484,0,0.1430,1,0.9957
824,18.8240,600,0,-88.7614,12.9071,484,37,0.1824,1,0.9576
825,948.9169,600,1,-88.6276,13.4927,484,0,0.1284,1,0.9955
826,9.3972,340,0,-88.0525,14.7798,484,101,0.5025,1,0.9946
827,750.7623,600,1,-88.4910,13.3306,484,0,0.1500,1,0.9978
828,685.0851,600,1,-88.4657,12.6918,484,0,0.1746,1,0.9970
829,23.6568,600,0,-88.6922,13.0399,484,5,0.3315,1,0.9963
830,11.5559,145,0,-88.3582,12.6859,484,30,0.7688,0,0.9976
831,848.4650,600,1,-88.2993,14.0940,484,0,0.2217,1,0.9913
832,818.7833,600,1,-88.7177,13.4464,484,0,0.0997,1,0.9955
833,810.0146,600,1,-88.2905,13.0966,484,0,0.2190,1,0.9982
834,829.2015,600,1,-88.4551,12.6366,484,0,0.0212,1,0.9976
835,938.0236,600,1,-88.1816,11.6962,484,0,0.0974,1,0.9965
836,18.2383,600,0,-88.2233,12.0974,484,42,0.1578,1,0.9824
837,1016.9673,600,1,-88.1737,11.9227,484,0,0.1420,1,0.9960
838,768.0898,600,1,-88.2632,11.8144,484,0,0.2397,1,0.9972
839,9.1218,117,0,-87.6047,11.9716,484,35,0.8161,0,0.9976
840,933.7324,600,1,-88.3400,11.6161,484,0,0.1601,1,0.9951
841,856.6643,600,1,-87.8961,11.8307,484,0,0.1710,1,0.9976
842,880.1420,600,1,-87.4717,11.8655,484,0,0.0800,1,0.9976
843,840.8107,600,1,-87.8171,11.3430,484,0,0.0671,1,0.9976
844,606.1356,600,1,-87.3360,12.4435,484,0,0.0837,1,0.9960
845,18.1985,600,0,-87.0476,11.9894,484,85,0.2591,1,0.9923
846,930.6544,600,1,-87.3126,12.8127,484,0,0.2080,1,0.9981
847,1038.0074,600,1,-87.1541,12.3811,484,0,0.1771,1,0.9960
848,914.4562,600,1,-87.0551,12.0698,484,0,0.1845,1,0.9966
849,10.2609,187,0,-86.6260,13.1429,484,32,0.7136,0,0.9961
850,695.3402,600,1,-87.0394,11.8294,484,0,0.1207,1,0.9962
851,760.1653,600,1,-87.3152,11.8228,484,0,0.1488,1,0.9957
852,900.1847,600,1,-87.0316,12.1261,484,0,0.1488,1,0.9976
853,929.9767,600,1,-87.3974,11.5486,484,0,0.2358,1,0.9958
854,595.9229,600,1,-87.5420,12.6548,484,0,0.0792,1,0.9963
855,888.9045,600,1,-87.4127,11.4501,484,0,0.1138,1,0.9970
856,964.6529,600,1,-87.1914,12.1993,484,0,0.2255,1,0.9979
857,14.9943,185,0,-87.3987,13.0292,484,14,0.7047,0,0.9975
858,634.3061,600,1,-87.2726,12.2428,484,0,0.2358,1,0.9971
859,6.0712,117,0,-87.3621,11.3467,484,95,0.8313,0,0.9976
860,838.9352,600,1,-87.0793,13.2688,484,0,0.2838,1,0.9968
861,657.2429,600,1,-86.9581,13.4120,484,0,0.2203,1,0.9969
862,818.5357,600,1,-86.8929,12.4490,484,0,0.1199,1,0.9987
863,836.2154,600,1,-87.4083,11.1101,484,0,0.1072,1,0.9988
864,920.8838,600,1,-86.8128,11.3487,484,0,0.1952,1,0.9927
865,944.2731,600,1,-87.0455,12.1773,484,0,0.2860,1,0.9852
866,991.6070,600,1,-87.0164,12.1064,484,0,0.2044,1,0.9954
867,912.7904,600,1,-87.3964,11.8156,484,0,0.1430,1,0.9976
868,771.9680,600,1,-87.6579,12.7337,484,0,0.1816,1,0.9976
869,961.2242,600,1,-87.6360,11.4402,484,0,0.2160,1,0.9985
870,766.6849,600,1,-87.8682,12.2246,484,0,0.1961,1,0.9981
871,857.5096,600,1,-87.8032,12.6899,484,0,0.1327,1,0.9984
872,16.5861,600,0,-87.5232,12.5084,484,56,0.1855,1,0.9907
873,4.5368,151,0,-86.7983,11.7487,484,128,0.7592,1,0.9953
874,878.5218,600,1,-86.9581,11.5145,484,0,0.2080,1,0.9981
875,933.3585,600,1,-87.2282,11.5216,484,0,0.2075,1,0.9963
876,934.4618,600,1,-87.1545,11.3172,484,0,0.1946,1,0.9964
877,6.1474,61,0,-88.2926,10.6685,484,83,0.9058,0,0.9985
878,586.5562,600,1,-86.9602,12.3780,484,0,0.1386,1,0.9968
879,972.7820,600,1,-87.0787,12.0818,484,0,0.0747,1,0.9978
880,835.8538,600,1,-87.0690,11.3677,484,0,0.2077,1,0.9951
881,888.2975,600,1,-86.8360,11.1993,484,0,0.1473,1,0.9977
882,9.6643,177,0,-86.7766,10.4945,484,60,0.7263,0,0.9972
883,971.9395,600,1,-86.8921,12.7159,484,0,0.1380,1,0.9974
884,365.5327,600,1,-86.4690,11.1029,484,0,0.1558,1,0.9955
885,15.8213,600,0,-86.7772,11.2134,484,87,0.1433,1,0.9822
886,924.5368,600,1,-86.5843,12.2078,484,0,0.1844,1,0.9979
887,674.9283,600,1,-86.6388,11.7967,484,0,0.1705,1,0.9967
888,999.7254,600,1,-86.3735,11.4787,484,0,0.1660,1,0.9980
889,903.8542,600,1,-86.7820,11.8426,484,0,0.1196,1,0.9955
890,854.5822,600,1,-86.2851,12.5511,484,0,0.0477,1,0.9975
891,5.2898,177,0,-85.9218,12.4137,484,99,0.7342,1,0.9947
892,17.3127,600,0,-86.4186,10.9371,484,46,0.1596,1,0.9877
893,501.7601,600,1,-86.2315,10.7336,484,0,0.1990,1,0.9928
894,904.6949,600,1,-86.4988,11.8534,484,0,0.1881,1,0.9969
895,21.7530,600,0,-86.0396,10.5300,484,11,0.4309,1,0.9954
896,13.2769,125,0,-86.3502,10.7771,484,6,0.8043,0,0.9978
897,952.6638,600,1,-86.1873,11.9515,484,0,0.0609,1,0.9982
898,22.6220,600,0,-86.0499,11.3646,484,5,0.1809,1,0.9946
899,15.3065,269,0,-85.4331,11.7841,484,32,0.5812,0,0.9966
900,4.7061,110,0,-86.1546,10.9910,518,91,0.8299,0,0.9979
901,907.7895,600,1,-85.7111,11.9250,518,0,0.1014,1,0.9970
902,955.1262,600,1,-85.6936,9.9201,518,0,0.1272,1,0.9976
903,14.2402,251,0,-85.6763,9.8224,518,12,0.6144,0,0.9969
904,805.9407,600,1,-85.3326,11.7016,518,0,0.1511,1,0.9976
905,312.3199,600,1,-85.5602,11.5424,518,0,0.1338,1,0.9958
906,923.1580,600,1,-85.6025,11.4254,518,0,0.2519,1,0.9982
907,11.4466,600,0,-85.1679,10.3876,518,143,0.2002,1,0.8983
908,804.2601,600,1,-85.2374,10.9623,518,0,0.1555,1,0.9982
909,563.0179,600,1,-85.2351,10.9222,518,0,0.1603,1,0.9971
910,824.6074,600,1,-85.7525,12.0089,518,0,0.1868,1,0.9982
911,11.3599,204,0,-85.8943,10.9655,518,43,0.6864,0,0.9962
912,1004.8164,600,1,-85.3977,11.7830,518,0,0.1813,1,0.9972
913,714.9522,600,1,-85.6515,12.3155,518,0,0.1963,1,0.9966
914,785.9184,600,1,-85.5109,11.9469,518,0,0.1110,1,0.9982
915,880.9946,600,1,-85.6198,11.1514,518,0,0.2815,1,0.9983
916,939.3027,600,1,-85.9928,11.7942,518,0,0.0548,1,0.9977
917,944.0539,600,1,-85.2823,12.0395,518,0,0.1590,1,0.9982
918,1025.8752,600,1,-85.6559,11.1745,518,0,0.1821,1,0.9962
919,11.7386,121,0,-85.5721,9.7793,518,12,0.8053,0,0.9983
920,852.1326,600,1,-85.7333,10.8365,518,0,0.1191,1,0.9960
921,656.1508,600,1,-85.4120,10.6454,518,0,0.2139,1,0.9941
922,999.3721,600,1,-85.5802,11.2588,518,0,0.1918,1,0.9976
923,934.5382,600,1,-85.9531,12.7018,518,0,0.1577,1,0.9978
924,708.2983,600,1,-85.8194,11.2096,518,0,0.1860,1,0.9906
925,941.1996,600,1,-86.1234,12.5781,518,0,0.0427,1,0.9983
926,959.0785,600,1,-85.5217,10.9179,518,0,0.1577,1,0.9979
927,842.9967,600,1,-85.5838,11.2822,518,0,0.1222,1,0.9973
928,651.0122,600,1,-85.3940,10.9593,518,0,0.1508,1,0.9962
929,655.8200,600,1,-85.8251,10.5828,518,0,0.1607,1,0.9961
930,991.8110,600,1,-85.4355,11.3403,518,0,0.0376,1,0.9980
931,963.8864,600,1,-85.5786,10.5175,518,0,0.1065,1,0.9971
932,615.0725,600,1,-85.0837,9.8169,518,0,0.2828,1,0.9950
933,15.2917,170,0,-85.6757,10.7427,518,16,0.7323,0,0.9980
934,2.3908,67,0,-85.7531,9.2170,518,128,0.8901,1,0.9962
935,968.7291,600,1,-84.9998,11.6971,518,0,0.3109,1,0.9982
936,931.2592,600,1,-85.1007,11.6435,518,0,0.0654,1,0.9987
937,4.9845,99,0,-85.5826,10.4724,518,100,0.8421,0,0.9966
938,961.5293,600,1,-84.9939,12.8402,518,0,0.0574,1,0.9985
939,877.8295,600,1,-84.8145,12.0462,518,0,0.0927,1,0.9958
940,858.9554,600,1,-85.2972,11.6213,518,0,0.1922,1,0.9977
941,561.1871,600,1,-85.3152,11.0008,518,0,0.1563,1,0.9971
942,838.4825,600,1,-85.1217,10.7911,518,0,0.1300,1,0.9978
943,21.5471,600,0,-85.1121,12.1456,518,13,0.2891,1,0.9953
944,898.4255,600,1,-85.3213,11.7206,518,0,0.0731,1,0.9975
945,882.6878,600,1,-84.8915,11.8092,518,0,0.0406,1,0.9978
946,690.2196,600,1,-84.6008,10.9055,518,0,0.1374,1,0.9977
947,679.1414,600,1,-84.7540,11.3267,518,0,0.1310,1,0.9939
948,21.3702,600,0,-84.8600,11.0274,518,46,0.0536,1,0.9944
949,548.1824,600,1,-84.5635,10.3932,518,0,0.0983,1,0.9962
950,975.7142,600,1,-85.0472,10.2505,518,0,0.1853,1,0.9970
951,24.1270,600,0,-85.2028,10.6180,518,20,0.2388,1,0.9951
952,945.7370,600,1,-84.9562,11.1375,518,0,0.0790,1,0.9980
953,847.7003,600,1,-84.4997,10.9072,518,0,0.2421,1,0.9947
954,698.4994,600,1,-85.2816,10.3699,518,0,0.0989,1,0.9970
955,935.4207,600,1,-85.1322,10.7111,518,0,0.0792,1,0.9963
956,18.1524,600,0,-85.0324,10.8708,518,74,0.0932,1,0.9915
957,972.8681,600,1,-84.3445,10.1528,518,0,0.0675,1,0.9953
958,15.6584,188,0,-84.8140,9.6053,518,13,0.6977,0,0.9975
959,747.0750,600,1,-85.0055,11.8271,518,0,0.2071,1,0.9969
960,626.2753,600,1,-84.6436,11.6465,518,0,0.1155,1,0.9984
961,566.8074,600,1,-84.7602,11.0252,518,0,0.1701,1,0.9968
962,8.2679,153,0,-85.0750,13.8390,518,51,0.7568,0,0.9965
963,755.7357,600,1,-84.6636,11.9237,518,0,0.1529,1,0.9971
964,939.3627,600,1,-85.2118,11.7498,518,0,0.3162,1,0.9964
965,13.3084,148,0,-84.5830,11.2239,518,11,0.7711,0,0.9977
966,883.5397,600,1,-84.5591,11.8583,518,0,0.2713,1,0.9985
967,8.5373,110,0,-84.6563,8.4096,518,35,0.8235,0,0.9980
968,970.5424,600,1,-84.4382,11.9704,518,0,0.0677,1,0.9976
969,970.8500,600,1,-84.4232,11.9537,518,0,0.1930,1,0.9951
970,5.4179,106,0,-83.7518,10.7184,518,85,0.8372,0,0.9960
971,1015.0927,600,1,-84.1507,11.8264,518,0,0.2640,1,0.9934
972,19.8907,600,0,-84.3895,11.9994,518,10,0.1465,1,0.9795
973,6.3391,121,0,-83.6719,7.9993,518,68,0.8090,0,0.9969
974,948.5570,600,1,-84.0117,11.2233,518,0,0.1015,1,0.9977
975,16.1525,182,0,-83.8874,11.2467,518,4,0.7081,0,0.9977
976,925.6529,600,1,-83.4088,11.3040,518,0,0.0557,1,0.9980
977,872.0670,600,1,-83.6378,11.0807,518,0,0.2101,1,0.9974
978,15.3791,270,0,-82.8608,12.0147,518,2,0.5894,0,0.9963
979,13.7547,127,0,-82.6994,11.7600,518,19,0.8005,0,0.9987
980,1030.9325,600,1,-82.9394,12.0818,518,0,0.0769,1,0.9878
981,961.5299,600,1,-82.4887,11.2188,518,0,0.0803,1,0.9979
982,6.0794,117,0,-82.6414,9.6521,518,80,0.8133,0,0.9962
983,858.5001,600,1,-82.4040,11.5005,518,0,0.1403,1,0.9978
984,955.3718,600,1,-82.1186,11.4664,518,0,0.0345,1,0.9983
985,457.8331,600,1,-82.4163,11.4512,518,0,0.0893,1,0.9925
986,935.0580,600,1,-82.4790,11.2313,518,0,0.0369,1,0.9948
987,623.1400,600,1,-82.6653,11.2753,518,0,0.1501,1,0.9967
988,1002.2644,600,1,-82.5361,9.8261,518,0,0.1833,1,0.9978
989,116.0038,600,1,-82.4326,11.0076,518,0,0.0985,1,0.9961
990,902.5831,600,1,-82.5488,11.2647,518,0,0.2561,1,0.9929
991,866.3876,600,1,-82.2401,10.8342,518,0,0.0948,1,0.9974
992,986.9322,600,1,-82.5647,11.1499,518,0,0.1497,1,0.9970
993,17.1090,600,0,-82.5181,10.4415,518,56,0.2289,1,0.9903
994,588.6400,600,1,-82.3390,11.0371,518,0,0.0635,1,0.9980
995,1019.2427,600,1,-82.3105,10.7779,518,0,0.1295,1,0.9967
996,7.9102,147,0,-81.7659,10.6529,518,68,0.7572,0,0.9962
997,888.8963,600,1,-82.3961,10.5516,518,0,0.1216,1,0.9982
998,842.1158,600,1,-82.0851,11.0784,518,0,0.0719,1,0.9977
999,13.5085,443,0,-81.6760,10.1487,518,52,0.3831,1,0.9962
